CGPA,Internships,Projects,Workshops,AptitudeScore,CommunicationSkills,ProgrammingSkills,Extracurriculars,PlacementStatus
7.5,3,2,1,98.04,75.63,52.91,0,0
9.8,2,0,3,76.88,63.39,99.92,1,1
8.93,2,4,0,50.71,72.75,87.62,1,1
8.39,2,5,1,62.88,73.54,93.2,0,1
6.62,3,2,4,72.5,85.33,82.56,0,0
6.62,1,1,7,84.65,97.03,92.81,1,0
6.23,3,2,5,86.66,66.47,55.62,0,0
9.46,1,2,1,99.77,52.11,67.39,0,1
8.4,3,1,3,64.38,74.81,93.82,0,1
8.83,3,3,6,76.91,77.22,60.08,0,1
6.08,1,3,5,76.67,58.42,53.91,1,0
9.88,2,0,1,70.28,88.02,89.41,0,1
9.33,1,0,0,58.46,99.25,91.77,0,1
6.85,0,3,6,98.87,97.29,58.13,1,0
6.73,0,5,0,92.67,59.86,92.72,1,0
6.73,1,4,4,74.92,93.77,84.34,0,0
7.22,3,2,6,80.16,85.22,76.0,1,1
8.1,0,4,2,61.36,72.69,91.51,0,0
7.73,0,2,7,77.19,77.03,70.96,1,0
7.16,3,3,6,84.75,92.48,59.7,0,1
8.45,3,0,5,75.76,74.01,64.24,0,1
6.56,2,5,6,99.51,68.66,75.26,1,1
7.17,3,0,3,80.57,74.66,76.57,0,0
7.47,1,4,7,68.55,78.96,90.28,1,1
7.82,1,0,3,88.61,59.45,89.57,0,0
9.14,2,3,2,58.52,95.05,79.07,1,1
6.8,0,5,6,69.23,83.71,89.04,1,1
8.06,0,4,0,67.35,81.66,59.59,0,0
8.37,3,5,0,71.59,54.97,52.5,1,1
6.19,1,2,1,89.09,80.21,93.68,0,0
8.43,0,0,4,74.21,56.05,53.78,1,0
6.68,2,5,5,89.7,53.93,62.33,0,0
6.26,2,1,7,78.82,76.37,84.77,1,0
9.8,1,0,4,67.1,70.14,70.47,0,1
9.86,2,2,6,90.5,79.44,93.82,0,1
9.23,2,5,4,61.91,54.46,64.9,0,1
7.22,1,4,1,61.22,71.55,50.59,0,0
6.39,3,2,4,75.23,58.74,65.03,1,0
8.74,3,1,7,63.04,99.36,78.9,1,1
7.76,2,5,2,50.45,78.06,68.8,1,0
6.49,3,3,1,82.41,84.37,76.74,0,0
7.98,3,0,2,75.55,66.27,93.83,0,0
6.14,2,4,6,72.28,54.74,95.62,0,0
9.64,3,3,1,98.35,98.79,63.3,1,1
7.04,2,5,6,78.56,64.31,73.11,1,0
8.65,0,5,6,93.17,71.19,77.46,0,0
7.25,1,2,4,56.97,82.49,97.46,0,0
8.08,1,5,2,78.46,51.23,99.93,0,0
8.19,3,4,6,93.4,90.51,61.77,1,1
6.74,3,3,2,79.16,76.83,86.35,1,1
9.88,3,4,2,85.9,63.91,68.9,1,1
9.1,1,1,1,68.6,53.08,50.41,0,0
9.76,0,1,3,54.62,58.12,50.46,1,0
9.58,0,0,4,72.9,94.75,73.03,1,1
8.39,1,0,6,69.72,84.3,74.42,0,0
9.69,0,1,2,93.35,62.5,51.13,0,1
6.35,1,5,5,62.2,53.28,84.35,0,0
6.78,0,4,3,98.34,84.53,64.7,0,0
6.18,2,1,6,97.91,78.62,77.99,1,0
7.3,2,0,5,62.38,70.23,65.05,0,0
7.55,1,1,4,67.4,68.18,58.36,1,0
7.09,0,5,4,94.78,60.84,70.36,0,0
9.31,3,1,2,98.33,83.48,61.61,0,1
7.43,0,4,2,72.17,98.53,76.74,0,0
7.12,2,3,7,66.05,58.79,59.94,0,0
8.17,2,5,7,76.3,79.86,75.42,0,1
6.56,0,0,6,84.39,71.21,57.87,0,0
9.21,0,4,1,63.67,72.33,83.55,0,0
6.3,3,1,3,86.82,62.71,87.7,0,0
9.95,3,1,6,52.58,91.26,55.52,0,1
9.09,0,3,3,52.46,74.26,73.39,0,1
6.79,0,0,2,69.31,77.17,53.54,0,0
6.02,0,0,4,67.67,65.24,79.91,1,0
9.26,0,2,2,65.78,59.09,63.22,0,0
8.83,1,0,4,74.55,54.3,76.38,1,1
8.92,0,3,7,66.04,85.71,75.87,0,0
9.09,3,2,6,59.61,59.81,96.22,1,1
6.3,2,2,7,65.47,84.5,77.45,0,0
7.43,1,1,4,98.75,69.52,79.15,1,0
6.46,0,1,2,70.56,70.79,70.08,0,0
9.45,2,0,7,72.24,73.46,97.45,1,1
8.49,1,2,0,78.83,68.39,88.86,0,0
7.32,2,1,3,99.17,55.03,64.27,0,0
6.25,0,3,5,62.08,65.48,92.21,1,0
7.24,0,1,4,84.06,83.19,71.62,0,0
7.3,3,5,4,85.8,83.29,91.43,0,1
8.92,0,5,0,80.37,64.31,91.14,0,1
8.55,0,1,6,54.43,73.01,59.44,1,0
9.55,1,2,6,83.84,59.67,85.06,1,1
7.89,3,2,6,53.2,60.52,64.53,0,0
6.48,1,4,5,79.81,51.15,64.87,1,0
8.85,2,5,1,86.98,94.84,64.82,0,1
9.04,0,3,0,60.55,60.54,86.28,0,1
8.25,2,2,5,92.08,61.38,61.49,1,1
9.08,1,0,7,51.52,63.98,50.05,1,0
7.98,0,5,0,92.19,56.37,85.76,1,0
8.09,0,3,4,73.02,81.96,58.56,0,0
7.71,1,3,3,60.88,53.76,55.22,0,0
6.1,1,2,0,56.69,56.71,61.88,0,0
6.43,1,3,1,97.67,82.24,69.0,0,0
6.13,1,2,2,53.63,66.98,73.8,0,0
8.55,1,1,7,59.95,85.4,52.23,1,0
7.26,0,5,5,67.39,77.87,98.53,1,0
8.03,1,4,7,81.01,62.8,85.8,0,0
9.63,0,1,7,77.24,82.54,66.16,0,1
7.0,0,5,0,56.28,55.81,65.93,1,0
7.64,1,2,0,64.49,76.82,72.43,0,0
9.02,1,5,1,61.94,71.86,81.31,1,1
6.92,3,2,3,60.68,63.39,57.32,0,0
6.31,0,1,0,70.56,80.2,59.45,0,0
7.16,1,0,0,85.2,93.57,92.97,1,0
6.64,1,0,3,60.87,99.95,62.81,0,0
9.72,1,5,1,68.33,80.39,69.01,0,1
9.23,3,0,5,69.55,70.24,93.56,0,1
8.53,3,2,7,98.82,61.26,83.16,1,1
9.49,2,3,5,97.73,62.85,67.09,1,1
9.21,0,2,0,90.01,73.97,84.18,0,0
6.75,2,3,3,62.08,68.36,50.98,0,0
9.57,1,1,0,53.4,95.69,86.78,1,1
8.16,3,4,6,65.85,68.41,74.35,0,1
9.23,3,3,2,63.34,68.67,90.66,1,1
9.58,2,0,5,75.3,69.18,97.73,0,1
7.27,3,2,6,88.89,91.83,96.29,0,1
6.44,1,1,4,92.92,82.54,95.46,1,0
6.91,3,0,2,92.24,80.71,75.61,0,0
7.71,2,1,0,67.98,66.71,68.01,1,0
9.27,1,4,1,84.36,90.9,73.25,0,1
9.44,2,2,5,65.64,51.92,84.49,0,1
6.03,3,5,4,53.05,93.54,94.2,1,1
8.04,2,2,2,85.08,75.64,60.35,0,1
7.67,2,4,5,50.49,69.91,95.91,1,1
6.89,0,2,3,70.46,74.86,90.76,0,0
6.48,3,5,1,66.47,83.37,98.94,1,1
7.35,3,3,2,84.67,50.64,94.01,1,1
9.77,2,1,3,88.31,93.58,64.0,0,1
7.29,0,5,6,65.2,72.34,55.3,1,0
8.08,3,0,0,90.58,67.15,55.61,1,0
8.81,1,4,3,64.7,56.91,64.56,0,0
7.45,2,3,2,72.32,71.97,80.71,0,1
9.89,3,0,7,86.35,74.82,90.22,0,1
9.85,1,0,2,84.65,70.18,94.96,0,1
7.01,3,4,7,99.37,83.93,81.19,0,1
7.99,1,3,6,61.26,71.04,50.28,0,0
7.2,2,0,0,83.12,98.07,59.32,0,0
7.14,3,0,7,80.48,79.96,54.99,1,0
6.15,3,3,7,95.75,90.37,68.17,0,1
8.44,0,2,3,57.82,55.47,75.07,1,0
8.01,2,0,3,87.59,69.86,52.17,0,0
6.21,1,1,0,78.41,66.84,67.42,0,0
7.11,3,3,3,63.73,78.47,58.96,1,0
9.63,3,0,5,73.72,93.06,82.35,0,1
6.96,1,4,0,66.69,53.92,73.21,0,0
6.58,2,5,1,78.97,53.63,74.77,0,0
7.96,0,1,7,94.45,92.52,71.38,0,1
9.94,0,5,2,78.47,60.64,97.8,0,1
6.97,3,5,1,81.59,83.44,60.74,1,1
8.69,1,0,7,75.94,77.14,75.83,0,1
9.05,3,1,5,52.56,91.64,86.8,1,1
6.95,1,1,7,61.64,56.25,77.84,1,0
8.91,0,2,7,74.6,56.49,96.45,0,1
7.47,2,5,7,65.51,77.84,68.9,0,1
8.53,1,1,6,59.09,97.32,73.18,1,0
8.53,0,2,5,75.21,70.75,54.43,1,0
8.14,3,3,4,66.14,66.35,80.45,0,1
6.36,1,2,4,62.91,80.33,64.41,0,0
9.34,2,4,4,73.2,96.52,58.02,0,1
7.28,3,0,0,56.66,91.85,77.23,0,0
6.75,3,3,3,96.39,99.77,76.62,0,1
6.16,0,3,5,93.39,51.13,53.79,1,0
8.36,1,4,1,85.38,55.64,84.91,0,0
8.71,3,2,6,55.31,80.47,81.19,1,1
6.07,2,0,1,88.79,91.03,59.45,1,0
8.05,1,2,1,90.4,64.26,73.47,0,0
6.91,2,1,1,88.39,61.96,86.02,0,0
8.58,3,2,6,55.7,89.35,76.47,1,1
6.7,2,3,4,82.2,52.82,69.77,1,0
8.76,0,0,1,91.72,68.47,66.12,1,0
7.55,2,2,6,78.87,75.29,80.52,0,0
9.75,1,0,6,82.32,78.02,96.96,0,1
6.55,2,0,3,72.92,86.43,83.59,0,0
7.36,2,1,6,76.44,67.74,53.74,0,0
6.45,0,1,4,51.72,80.63,73.03,1,0
9.7,2,3,1,81.95,79.27,94.54,0,1
9.51,2,4,6,54.07,77.38,54.72,1,1
7.03,3,0,0,71.75,82.02,99.44,0,0
8.64,3,4,6,64.63,62.97,97.45,1,1
9.27,1,3,2,77.27,54.23,53.91,1,1
8.22,3,0,2,56.67,55.96,96.67,0,0
8.12,3,0,2,84.58,61.23,68.16,1,1
6.97,3,5,6,89.75,75.01,92.24,0,1
6.37,3,4,4,58.17,92.02,70.92,0,0
9.59,0,2,1,55.22,85.06,72.04,1,0
9.6,3,1,5,57.28,89.45,81.71,1,1
8.53,0,2,5,93.86,67.55,88.72,0,1
7.36,0,4,5,76.41,70.23,51.69,0,0
7.4,3,1,4,73.36,69.68,79.66,1,0
8.9,2,2,3,55.34,59.59,59.34,1,0
9.59,0,5,7,82.48,53.06,67.3,0,0
9.55,2,1,0,93.4,79.55,67.4,1,1
9.12,2,0,0,91.41,99.46,73.45,0,1
8.57,3,2,2,81.3,58.34,66.71,0,1
6.34,1,1,2,53.76,52.33,55.37,0,0
6.65,3,5,6,55.62,88.98,57.28,0,1
9.59,1,1,5,52.47,62.63,51.67,1,1
8.43,1,1,6,62.87,91.48,73.51,0,0
6.04,3,5,7,56.78,85.2,97.72,1,1
6.41,3,2,5,63.0,97.28,55.78,0,0
8.65,1,3,2,69.25,70.45,97.31,1,1
6.02,3,2,1,97.15,83.1,86.67,1,0
6.64,1,4,3,80.52,73.24,81.87,1,0
8.19,2,5,6,91.75,81.53,82.26,1,1
8.77,3,2,3,85.52,72.48,91.34,0,1
8.61,2,1,3,55.63,59.43,55.35,1,0
6.9,0,5,3,86.8,75.39,75.24,1,0
8.85,2,0,2,63.75,76.43,84.85,0,0
6.95,2,2,0,81.96,90.53,79.34,1,0
7.3,1,5,2,67.05,86.78,91.64,0,0
8.99,2,2,3,99.88,83.19,53.61,0,1
8.6,3,5,2,63.18,55.67,84.54,1,1
9.4,1,1,3,63.96,86.03,76.7,0,1
8.63,0,0,4,96.53,75.02,68.96,1,1
8.27,3,0,5,51.23,94.7,67.01,0,0
6.37,0,4,0,84.83,95.99,81.04,0,0
7.47,2,5,4,86.27,52.76,94.55,0,1
7.06,3,2,1,91.82,91.03,74.81,0,0
6.98,3,0,2,98.72,51.88,91.24,1,1
9.89,0,0,1,98.78,68.36,70.11,0,1
7.57,3,3,6,53.26,77.11,55.12,0,1
9.57,3,3,2,91.09,57.41,53.08,0,0
8.52,3,0,7,82.32,87.32,52.57,0,1
9.18,2,5,7,82.37,50.42,69.01,1,1
8.01,0,4,5,56.42,58.43,66.86,0,0
8.31,3,0,4,82.51,79.04,85.9,1,1
7.97,1,1,5,99.12,85.72,87.14,1,1
6.78,1,2,6,95.59,95.83,52.54,1,0
8.89,1,4,3,71.96,85.27,61.06,1,1
7.12,1,1,5,52.0,83.59,63.71,0,0
6.1,2,4,5,68.11,69.72,77.38,0,0
8.58,3,1,7,91.32,50.06,57.23,1,1
6.71,0,2,3,85.07,56.01,56.7,1,0
9.76,3,2,7,72.97,76.73,97.19,1,1
9.82,2,3,2,52.76,83.76,90.21,1,1
9.66,1,5,3,71.34,70.87,59.03,0,1
7.48,2,1,4,73.45,86.53,70.33,0,0
6.06,3,3,5,96.43,76.09,67.78,1,0
9.71,0,1,7,82.05,53.71,89.55,1,1
7.71,2,3,3,65.58,59.6,75.51,0,1
9.87,0,2,6,76.27,92.0,56.39,1,1
9.85,2,4,6,53.3,86.25,86.95,0,1
9.41,0,3,5,98.63,94.74,69.84,0,1
7.18,0,1,4,68.0,55.88,63.15,1,0
7.54,1,1,1,73.89,99.51,68.77,1,0
9.4,0,5,7,67.76,60.47,74.89,0,1
7.27,1,2,4,84.13,50.59,67.16,0,0
6.68,3,1,0,83.11,99.87,62.1,0,0
8.23,3,0,0,85.77,64.05,69.93,1,1
9.74,1,4,0,63.41,83.4,50.96,0,1
8.78,1,3,5,65.78,58.83,88.62,1,1
8.28,2,5,6,56.26,79.01,58.55,1,0
6.39,2,4,2,82.78,95.2,52.2,1,0
8.46,2,2,7,51.99,66.01,82.68,0,1
9.96,3,5,6,79.88,83.51,88.7,1,1
6.56,2,3,2,93.48,59.4,90.69,0,0
8.07,0,3,2,94.54,81.24,74.68,0,0
9.51,0,0,6,72.45,66.82,60.27,0,0
8.96,2,2,7,72.97,60.56,86.86,0,1
8.79,0,5,5,53.85,65.66,84.99,1,1
8.81,3,5,4,83.54,58.94,62.31,0,1
7.44,0,1,2,91.06,95.1,95.17,0,0
7.17,3,0,1,62.23,69.86,55.22,1,0
9.24,1,0,6,71.07,62.26,99.13,0,1
9.24,1,5,6,91.94,72.42,93.01,1,1
9.47,1,5,0,93.86,66.03,84.39,0,1
9.65,1,4,4,62.16,87.22,96.94,0,1
8.05,0,4,0,77.53,98.56,86.12,1,1
8.01,2,4,6,59.62,71.9,59.52,0,0
9.19,0,0,6,55.09,93.05,72.11,0,0
8.6,3,1,2,95.56,78.29,53.58,0,1
8.81,0,3,4,91.03,57.86,69.48,0,0
9.18,0,4,3,88.0,84.53,87.08,0,1
9.56,3,1,1,52.44,75.67,69.32,0,1
7.35,1,2,7,92.19,82.53,66.51,0,1
7.5,1,4,2,71.9,94.48,79.77,1,0
6.38,1,3,6,67.12,72.02,93.61,0,0
8.31,2,2,7,77.32,95.06,52.38,0,0
6.14,3,2,2,54.57,87.53,69.27,0,0
7.86,3,3,1,87.83,74.43,57.91,1,1
8.17,0,4,6,79.12,80.16,84.77,1,1
7.15,2,0,1,59.33,66.28,55.29,1,0
8.36,1,3,7,59.41,99.18,83.24,1,1
6.12,2,3,3,59.21,83.37,64.31,0,0
6.15,3,3,2,52.85,52.19,59.95,0,0
9.29,3,2,5,79.39,66.33,96.82,1,1
7.44,0,1,2,92.02,81.17,50.93,1,0
6.51,0,0,0,50.87,52.82,71.89,0,0
8.09,3,4,4,52.45,51.19,51.08,0,0
9.08,1,4,4,78.64,72.5,74.18,1,1
6.86,1,1,0,90.97,66.63,75.05,1,0
8.49,2,3,6,66.34,71.91,66.08,0,0
6.34,3,0,4,67.48,63.13,56.61,1,0
6.21,3,4,1,79.82,58.24,68.82,0,0
8.13,1,5,7,63.71,84.46,83.61,0,1
8.16,1,4,7,51.33,75.73,89.12,0,0
8.55,3,3,4,86.76,60.01,76.54,0,1
8.9,0,5,4,81.28,65.98,79.49,0,0
9.9,3,1,0,79.04,79.59,60.03,1,1
8.07,3,0,6,87.08,53.61,64.37,0,0
7.29,1,1,3,83.76,57.37,58.09,0,0
9.18,1,1,4,60.29,53.66,62.46,0,0
7.08,0,0,5,67.62,90.62,61.24,0,0
7.76,0,0,4,56.31,87.62,75.97,1,0
6.31,2,4,3,56.49,87.67,78.13,1,0
6.1,3,4,0,83.81,85.82,97.25,1,0
9.85,1,0,3,92.93,83.47,59.78,1,1
9.34,0,5,0,98.14,73.85,82.08,0,1
8.78,2,2,1,81.42,82.11,90.86,0,1
7.64,2,4,0,59.21,51.92,78.01,1,0
6.69,1,2,1,55.28,81.07,62.75,1,0
6.63,1,5,1,90.64,88.89,63.13,1,0
7.0,2,0,0,78.94,75.02,51.96,1,0
8.2,0,5,5,80.91,67.88,65.27,1,1
8.86,2,4,2,89.07,63.87,87.23,0,1
8.64,3,1,0,85.16,82.14,52.38,0,1
7.12,3,0,4,91.72,84.64,60.96,1,0
9.82,1,3,5,52.81,93.55,85.31,1,1
8.95,0,2,5,87.38,67.12,89.13,0,1
8.22,0,5,4,92.54,88.49,72.77,0,1
8.45,3,0,2,64.31,78.07,84.9,0,1
7.68,2,5,5,82.02,94.14,69.4,0,1
6.99,1,0,1,65.71,76.39,58.0,1,0
7.42,2,4,7,97.9,75.88,69.91,0,1
9.03,2,4,2,51.67,78.89,79.0,0,1
6.06,2,4,6,78.99,87.47,97.4,0,1
6.46,0,5,4,58.33,98.23,53.44,1,0
6.18,3,3,2,85.61,53.68,75.37,0,0
6.16,0,4,0,58.79,52.67,66.45,0,0
9.42,3,0,7,61.77,96.88,75.42,0,1
8.81,1,4,2,74.72,76.49,51.2,0,0
7.9,1,1,1,95.74,80.75,65.65,0,0
6.39,2,4,7,60.59,74.12,90.99,0,0
7.97,3,5,0,57.21,54.68,77.7,1,0
7.89,3,3,3,87.95,88.4,72.53,0,1
6.69,3,1,4,75.03,87.36,64.28,0,0
7.74,2,5,7,95.59,65.59,64.9,1,1
7.59,2,5,4,57.33,65.31,69.16,0,0
8.46,1,5,2,82.3,91.89,91.78,1,1
8.54,0,0,5,61.64,53.62,98.36,0,0
6.18,3,5,0,57.84,94.06,71.93,0,0
7.5,3,0,3,84.17,62.83,69.67,1,0
8.5,0,5,0,79.68,79.65,92.33,1,1
8.01,3,2,4,87.74,96.8,71.35,0,1
9.43,2,1,0,65.47,83.91,77.6,0,1
8.63,2,2,3,72.4,70.72,61.55,0,1
6.65,3,5,5,70.27,84.48,87.18,1,1
6.28,2,1,2,99.2,67.2,76.6,1,0
8.57,2,1,1,64.61,63.86,90.45,0,1
6.11,3,3,0,64.74,99.83,89.04,0,0
8.34,1,2,7,67.73,87.54,60.75,0,0
9.76,0,3,1,78.23,82.24,85.78,0,1
8.3,2,1,4,62.62,67.76,90.0,0,0
7.55,1,0,2,95.76,52.46,67.31,0,0
8.57,2,1,6,63.28,51.55,58.63,1,0
7.83,2,3,2,94.79,77.71,50.13,1,0
8.18,0,2,0,55.17,88.1,72.55,1,0
9.77,2,5,7,82.83,76.87,67.62,0,1
7.54,0,5,5,95.35,92.04,77.75,0,1
9.84,0,2,2,58.44,51.67,59.4,1,0
9.62,0,5,0,98.42,68.34,92.98,0,1
6.78,1,5,0,72.64,61.85,62.89,1,0
6.28,3,3,1,97.29,72.36,61.32,0,0
6.4,1,2,2,83.84,53.62,74.04,0,0
6.07,3,4,0,65.08,97.71,74.94,0,0
6.38,3,0,1,59.42,61.16,60.75,0,0
8.73,0,0,7,65.19,96.12,63.59,1,1
6.28,2,5,3,54.65,71.29,58.49,0,0
7.28,0,0,7,57.19,99.28,85.92,0,0
9.38,2,2,6,55.23,77.7,88.5,0,1
6.09,3,2,1,71.15,96.54,73.12,1,0
9.26,0,1,1,89.78,50.27,85.7,0,0
7.13,2,1,0,57.07,87.41,86.8,0,0
6.47,1,0,4,56.52,95.15,56.91,0,0
8.79,2,4,4,82.17,56.99,98.31,0,1
8.52,0,1,5,59.86,54.81,91.05,0,0
9.51,1,1,4,54.88,71.23,60.22,1,0
8.94,2,2,1,58.34,96.68,59.31,0,1
9.21,2,4,5,96.19,77.12,56.28,0,1
7.13,2,5,7,91.07,76.37,56.92,1,1
6.71,2,0,0,67.7,57.06,87.41,0,0
9.0,2,1,7,82.79,50.04,73.48,0,1
9.23,1,4,2,76.86,90.51,89.15,0,1
9.96,3,4,6,83.86,54.38,87.31,0,1
7.65,1,0,6,84.13,81.69,80.23,1,0
7.49,1,4,1,81.44,95.73,84.32,1,1
9.11,1,4,1,63.31,60.43,50.92,1,1
7.36,3,4,5,51.95,83.26,65.59,1,0
9.72,0,1,0,72.78,53.93,81.89,0,0
9.43,3,0,3,94.55,80.19,50.47,0,1
7.72,1,4,1,78.47,58.2,51.65,0,0
9.0,2,4,3,91.62,86.8,92.59,0,1
9.02,2,1,7,99.58,65.06,84.2,1,1
6.41,1,0,3,58.18,73.17,63.27,1,0
9.61,2,2,4,84.59,79.97,84.4,0,1
8.02,1,1,0,83.71,58.56,89.62,0,0
9.31,2,0,6,99.0,87.08,65.34,0,1
7.28,3,4,6,99.28,65.13,51.8,0,1
9.58,0,0,3,84.33,83.12,96.64,0,1
7.56,0,0,6,62.18,57.91,67.26,0,0
6.04,3,5,7,89.93,84.41,55.32,1,1
9.62,3,0,0,55.35,56.41,74.59,1,1
6.37,1,2,4,89.03,71.27,88.42,0,0
7.28,1,0,0,95.51,62.36,61.08,0,0
9.8,1,2,1,69.14,87.42,63.47,0,1
9.8,2,4,3,81.53,63.1,62.14,1,1
8.29,1,2,0,71.51,94.09,99.58,1,1
8.53,3,4,7,71.89,94.59,59.87,1,1
7.79,0,4,6,65.52,59.82,78.78,0,0
7.17,2,2,2,88.11,80.69,96.26,1,1
7.31,1,1,0,96.81,54.39,57.34,0,0
8.69,2,3,3,97.04,69.58,98.54,0,1
9.01,2,0,4,58.74,85.67,97.37,0,1
9.17,1,5,6,93.74,82.97,94.23,0,1
9.16,2,3,4,86.87,81.24,60.73,1,1
6.36,0,0,3,62.64,64.13,81.7,0,0
7.98,3,0,6,53.36,68.9,88.04,0,0
6.23,3,4,1,63.4,55.15,99.3,0,0
8.2,0,0,6,95.61,85.95,59.02,0,0
7.77,2,5,1,81.66,75.19,88.3,0,1
9.55,1,0,4,86.05,85.44,66.94,0,1
7.4,2,2,4,62.86,62.45,58.78,0,0
6.47,0,3,3,85.97,66.22,71.07,0,0
6.57,2,2,1,51.41,66.71,89.69,1,0
9.05,3,5,4,68.77,51.29,73.24,0,1
8.47,2,0,1,81.34,67.05,76.88,0,0
6.4,0,5,4,57.3,90.17,99.76,0,0
6.34,3,4,6,91.15,94.86,69.96,1,1
8.8,2,2,0,61.75,75.91,80.77,1,1
6.29,2,2,7,82.61,72.78,68.26,0,0
9.29,3,1,2,70.26,51.54,69.64,0,1
8.82,1,0,7,79.8,93.96,84.78,1,1
6.33,3,4,6,55.37,50.65,96.89,1,0
6.34,1,2,5,50.85,97.24,77.12,1,0
9.95,0,2,7,95.48,74.46,88.42,1,1
7.5,0,4,0,63.48,67.1,54.46,1,0
7.48,3,5,5,90.98,96.21,60.56,0,1
9.25,3,5,4,99.97,51.22,75.11,0,1
9.79,0,0,2,60.57,79.07,51.0,1,1
9.94,1,1,2,63.26,77.45,62.64,1,1
9.01,0,2,4,83.14,60.97,75.87,0,0
7.51,3,1,4,98.27,71.44,50.75,1,1
6.33,0,5,1,95.79,82.61,63.23,0,0
9.11,3,5,4,75.14,86.36,75.7,0,1
8.23,3,3,3,89.76,50.04,78.66,1,1
7.7,0,0,7,56.79,96.84,96.29,0,0
9.63,1,3,4,98.87,58.23,82.27,0,1
6.44,2,3,3,98.22,61.68,70.74,0,0
7.97,0,3,4,58.19,63.17,96.52,0,0
6.05,2,0,1,64.97,51.89,89.24,0,0
7.87,0,0,3,55.01,56.15,60.0,0,0
6.23,2,4,7,63.59,99.32,56.54,0,0
6.48,1,1,0,90.8,65.76,83.79,1,0
6.47,1,1,3,68.92,55.77,77.99,1,0
8.6,0,4,6,54.42,55.35,89.48,0,0
8.98,3,4,1,67.11,85.97,86.94,1,1
8.33,2,5,5,99.07,92.73,81.26,0,1
9.85,3,3,7,81.48,62.85,99.32,0,1
7.5,3,4,3,70.81,51.05,76.68,0,1
7.14,3,2,6,58.33,61.15,55.66,1,0
9.47,1,1,6,99.31,52.83,91.41,1,1
6.89,0,4,7,91.04,55.17,62.59,0,0
9.85,0,2,7,64.07,71.58,88.87,0,1
6.05,1,2,6,53.5,61.5,97.86,0,0
9.88,1,2,4,52.83,75.8,84.84,0,1
6.17,0,5,6,56.02,62.67,79.8,0,0
9.56,3,5,4,79.04,97.03,73.02,0,1
8.11,2,2,5,96.44,95.3,68.22,1,1
9.97,2,5,1,74.84,78.34,67.65,0,1
6.3,2,3,2,92.15,67.72,81.82,1,0
8.22,3,2,4,72.29,69.06,87.56,1,1
9.88,0,3,6,85.43,70.59,83.93,0,1
8.09,1,3,6,86.59,86.38,59.92,1,1
8.52,0,2,0,58.7,72.58,74.7,1,0
8.78,3,1,6,68.06,92.84,89.58,0,1
7.82,1,2,1,81.87,97.2,73.79,0,0
8.51,3,2,3,53.53,66.8,76.83,1,0
8.34,2,5,3,68.08,78.03,88.56,0,1
9.6,2,2,6,76.74,54.75,83.06,0,1
6.18,3,1,0,99.81,60.02,70.47,0,0
7.12,1,5,4,73.73,70.67,94.77,1,1
9.8,1,0,1,90.8,60.31,58.13,1,1
9.56,0,0,0,71.6,93.83,99.78,1,1
7.82,2,3,4,89.82,57.91,55.94,0,0
8.48,0,3,1,79.77,72.78,50.75,0,0
7.11,0,1,6,94.33,80.28,94.5,0,0
6.75,3,4,3,70.55,84.59,62.25,1,1
7.85,3,0,1,80.22,69.15,86.48,0,0
7.41,0,3,6,81.5,93.45,90.55,0,1
8.33,2,0,5,70.87,78.42,92.95,0,0
6.31,3,1,2,57.22,71.98,99.58,0,0
9.9,0,1,1,54.68,53.36,64.7,1,0
9.94,0,4,2,50.83,73.23,85.51,1,1
8.79,0,4,1,93.68,91.04,55.77,1,1
8.14,0,5,2,61.82,80.73,70.34,0,0
7.24,0,1,5,60.58,91.61,92.4,1,0
9.26,0,3,3,86.8,74.7,68.38,1,1
8.74,3,0,7,66.0,55.92,79.55,0,1
6.65,2,2,4,75.3,50.68,75.19,1,0
9.64,0,4,2,58.13,65.16,82.3,0,1
9.29,1,2,5,97.99,84.9,98.64,1,1
9.8,3,3,2,92.58,89.51,52.79,1,1
8.9,3,4,3,93.19,64.79,78.7,1,1
8.45,0,2,2,70.34,74.78,93.15,0,0
7.67,3,3,5,88.12,71.06,74.07,0,1
9.73,0,0,6,57.19,70.53,53.93,0,1
9.46,2,3,5,50.43,61.57,78.03,0,0
6.18,2,5,7,51.0,56.82,66.6,1,0
6.11,3,4,7,79.33,59.83,57.75,1,0
7.51,3,1,7,72.77,52.77,92.45,1,1
9.24,1,0,0,75.9,59.91,76.08,0,0
9.95,3,2,3,50.37,50.46,96.66,1,1
6.6,1,4,6,71.13,81.36,90.3,1,0
8.38,2,1,0,85.9,65.82,84.65,1,1
7.52,2,3,3,72.13,98.66,50.25,0,0
9.88,0,1,6,86.61,59.69,71.39,0,0
9.37,2,4,2,61.65,67.29,59.87,0,1
9.35,1,4,6,90.66,67.89,95.54,1,1
7.87,3,5,5,79.42,50.42,58.73,1,1
7.66,0,5,0,60.54,91.96,64.3,1,0
7.09,1,1,2,61.84,51.6,75.84,0,0
6.23,3,3,5,81.4,97.01,63.17,0,0
9.46,0,1,3,91.5,94.6,60.49,1,1
9.25,2,4,6,70.78,76.78,79.95,1,1
10.0,1,4,5,62.92,77.18,54.45,1,1
9.99,3,2,2,93.35,82.69,52.91,1,1
8.22,0,5,0,83.46,69.35,68.61,0,0
9.08,0,2,0,72.4,82.36,86.03,1,0
9.78,2,0,7,74.4,52.24,77.74,1,1
9.4,3,4,6,60.21,52.7,71.14,0,1
6.99,2,2,5,81.34,72.86,78.29,0,0
7.8,2,1,7,67.94,77.48,68.27,0,0
6.52,3,5,2,99.78,94.39,96.81,0,1
9.82,3,5,7,74.01,55.23,52.75,1,1
8.42,3,3,1,74.29,91.13,83.67,0,1
6.91,1,1,3,78.29,60.5,94.56,0,0
8.69,3,3,7,95.84,69.7,90.19,0,1
8.47,0,2,3,90.04,65.83,59.2,0,0
7.43,2,0,2,72.56,70.01,64.8,0,0
6.45,1,1,1,85.93,57.52,85.85,1,0
8.69,3,1,0,79.31,75.18,54.21,0,1
8.08,1,1,6,74.62,90.08,90.59,0,1
9.09,3,3,4,59.62,72.08,85.95,0,1
8.08,1,2,4,73.2,74.53,86.48,0,0
9.41,2,1,6,62.29,92.44,55.01,0,1
8.21,2,1,2,95.74,85.3,85.89,0,1
8.24,0,5,1,66.77,74.52,83.99,1,1
9.51,0,0,1,97.61,62.88,91.55,1,1
7.61,3,5,3,76.65,94.25,52.08,0,1
6.54,2,5,0,81.58,78.85,51.16,0,0
6.12,1,0,5,77.15,61.06,68.65,1,0
9.02,1,2,7,56.47,63.46,57.44,1,0
8.48,1,5,1,68.79,90.16,77.92,0,1
8.82,0,2,6,54.96,52.21,95.87,1,1
6.85,1,5,5,81.15,99.6,69.57,1,1
6.55,0,4,4,72.34,56.52,92.25,1,0
6.06,0,0,5,88.9,89.8,50.01,0,0
7.4,3,5,0,61.02,69.74,58.43,0,0
8.36,1,4,6,58.23,74.61,51.52,0,0
7.57,1,3,0,70.32,94.03,66.41,1,0
7.75,2,4,5,96.33,70.65,95.41,1,1
9.62,3,1,7,85.52,76.87,54.85,0,1
7.39,2,5,2,70.95,52.46,80.32,1,0
8.06,3,4,1,75.86,50.12,72.57,1,1
9.13,1,2,6,54.21,62.24,96.92,1,1
7.59,0,3,2,99.23,84.03,56.13,1,0
8.49,0,5,5,83.32,56.06,60.6,1,1
9.45,0,1,1,64.27,55.69,51.48,0,0
9.8,0,4,3,79.29,70.55,71.7,1,1
6.59,0,3,2,55.47,82.39,63.89,1,0
9.71,2,5,2,98.29,85.6,93.5,0,1
7.97,3,3,5,58.74,58.92,80.25,0,1
7.03,1,1,4,82.4,53.98,80.7,1,0
7.84,2,4,5,62.27,97.02,76.6,0,1
9.92,3,3,2,85.88,63.03,54.59,1,1
7.97,0,3,1,88.84,92.67,72.25,0,0
7.32,3,0,7,83.67,93.17,99.98,0,1
8.53,3,3,4,80.72,88.63,91.76,0,1
6.96,0,0,5,94.62,58.44,94.67,0,0
6.3,0,4,7,53.93,91.09,91.16,1,0
6.52,0,5,6,66.55,88.46,55.15,0,0
6.51,1,5,5,62.41,79.84,61.37,0,0
6.61,0,4,2,99.4,66.86,50.16,0,0
6.56,1,4,7,69.47,63.13,65.18,0,0
8.56,0,2,2,86.63,56.09,55.43,0,0
6.73,1,4,3,84.24,75.49,73.64,1,0
7.38,3,3,7,60.6,79.26,83.86,0,1
9.59,2,5,7,61.95,67.97,93.73,0,1
7.9,3,1,5,64.06,73.77,87.46,0,1
8.67,3,5,2,70.56,68.18,96.93,0,1
6.69,0,0,6,61.72,82.05,52.69,0,0
6.77,1,5,0,50.98,95.06,50.61,0,0
6.16,2,2,4,93.97,58.2,83.07,1,0
6.68,0,4,0,98.28,69.07,64.47,1,0
7.11,0,4,4,67.08,57.04,62.68,1,0
6.71,0,5,6,66.93,81.25,66.54,0,0
6.35,3,1,7,50.35,86.44,63.49,0,0
6.48,1,1,7,84.01,96.6,75.57,0,0
7.84,1,2,5,91.27,63.94,72.01,1,1
6.83,2,0,3,57.33,97.51,75.62,1,0
7.46,1,5,2,57.98,53.16,83.64,0,0
8.01,1,4,2,89.5,80.15,69.36,0,0
8.76,0,5,2,80.81,52.86,62.57,1,1
6.16,0,2,5,52.24,94.69,58.31,1,0
9.2,3,3,4,81.13,76.49,67.47,1,1
8.51,0,3,7,65.45,83.47,87.09,1,1
6.33,0,2,6,68.44,91.58,87.84,1,0
9.49,0,4,2,88.49,57.52,83.35,0,0
9.68,0,2,0,90.55,51.93,61.7,1,0
6.24,3,4,2,70.02,93.94,79.4,1,0
7.11,0,1,7,97.36,65.75,78.53,1,0
9.22,2,2,5,70.32,56.45,74.21,0,1
8.99,2,4,6,88.59,73.42,77.5,0,1
6.74,2,2,3,74.19,79.92,74.59,0,0
6.84,2,2,6,94.88,51.55,78.27,0,0
7.48,0,4,0,95.39,63.74,85.78,1,1
7.94,2,4,2,54.37,51.64,55.48,0,0
8.47,0,0,2,96.82,71.02,87.48,0,0
7.48,3,2,1,91.28,94.76,56.79,1,1
7.85,2,3,4,89.57,99.13,53.33,0,1
8.99,1,2,0,60.05,81.85,98.8,0,1
6.15,2,2,1,90.26,58.08,97.85,0,0
7.01,2,4,6,92.51,95.29,53.02,1,1
8.85,0,2,3,64.46,75.81,72.16,0,0
9.58,2,5,4,97.61,57.69,59.31,1,1
8.05,1,2,0,52.49,96.09,74.27,0,0
8.13,0,5,2,57.5,87.87,91.51,1,1
6.43,0,3,6,76.88,86.59,97.53,0,0
7.79,3,4,0,78.79,85.46,81.71,0,1
8.13,3,2,2,82.26,60.02,67.7,0,1
6.97,2,5,7,50.85,60.55,80.17,0,0
7.08,3,5,4,98.02,84.41,65.6,0,1
7.51,3,5,7,52.23,60.99,95.49,0,1
6.08,3,1,7,57.15,71.93,93.52,0,0
7.29,0,0,2,50.7,89.1,77.91,0,0
6.85,0,3,3,78.34,89.2,66.24,0,0
7.31,0,2,6,96.61,72.66,64.67,0,0
6.48,3,1,5,83.3,89.61,51.67,1,0
9.56,0,2,2,91.13,91.93,90.79,1,1
8.37,3,2,3,50.66,82.74,72.52,0,1
8.72,0,4,5,77.1,61.42,66.26,0,0
9.16,0,4,6,72.98,63.7,73.56,1,1
7.99,1,4,7,74.95,65.74,90.94,0,1
6.35,2,1,4,53.61,55.84,56.23,1,0
8.15,3,2,4,84.22,63.66,92.88,0,1
8.35,1,0,6,75.16,60.48,94.88,1,1
8.98,0,3,6,88.26,72.77,97.34,0,1
7.73,3,4,0,74.26,95.42,69.87,1,1
6.51,0,4,3,57.47,55.22,60.86,0,0
7.14,2,2,7,82.41,86.01,68.68,1,0
7.45,1,2,3,58.62,84.36,66.65,0,0
8.58,2,1,6,93.62,54.79,58.81,0,0
8.28,1,1,1,80.66,96.13,80.36,1,1
7.42,0,4,1,57.86,78.42,73.83,0,0
9.95,2,2,5,98.12,68.19,93.29,1,1
8.42,2,0,5,75.92,87.83,51.61,0,1
6.95,0,3,1,53.64,62.87,82.19,1,0
6.41,2,2,6,81.34,84.68,88.15,0,0
6.61,3,2,6,62.66,51.99,87.97,1,0
6.98,1,5,5,90.18,91.97,94.3,1,1
6.64,1,1,2,90.89,72.41,86.45,0,0
6.75,1,3,6,98.95,81.83,96.39,1,1
7.14,3,4,1,75.09,61.06,66.63,1,0
6.69,1,2,3,72.75,83.85,75.16,0,0
9.59,0,4,6,87.67,88.61,50.7,1,1
6.32,2,2,7,56.62,73.66,50.35,0,0
8.1,3,4,6,77.35,80.89,62.01,1,1
7.64,1,3,2,77.31,72.82,55.04,0,0
9.93,0,1,5,54.47,94.7,63.01,0,1
6.45,2,3,6,70.9,74.89,58.85,0,0
7.59,2,5,4,92.66,92.09,51.43,0,1
9.88,3,0,0,92.81,90.07,95.47,1,1
9.46,3,1,1,54.96,70.53,50.41,1,1
9.27,3,3,7,54.54,61.5,86.8,0,1
7.03,0,5,7,63.13,70.3,57.61,0,0
6.68,0,0,7,93.74,91.31,95.61,1,0
8.67,3,5,4,56.45,61.38,94.64,0,1
9.72,1,2,7,86.0,76.22,82.7,0,1
8.23,2,2,7,55.06,90.3,83.61,0,0
8.29,2,4,5,81.16,67.67,50.27,0,1
7.12,0,1,3,67.8,82.11,99.24,0,0
9.08,2,2,0,89.45,62.28,93.89,1,1
6.75,1,5,4,61.68,55.46,94.76,0,0
7.29,2,1,0,81.96,89.72,82.96,1,0
7.7,0,2,1,61.78,54.95,67.24,0,0
8.03,0,4,5,85.68,63.57,94.68,0,0
6.97,1,3,6,93.68,92.76,64.58,1,0
6.46,1,4,3,56.34,67.32,78.14,0,0
8.44,2,0,5,93.33,98.65,54.99,0,1
7.15,2,2,0,79.68,98.99,96.1,1,1
8.32,0,0,4,56.36,63.41,57.04,0,0
6.62,1,0,1,71.38,52.05,61.24,1,0
7.92,1,5,1,58.04,85.25,77.91,0,0
8.13,1,1,5,85.02,72.55,88.2,1,1
6.21,2,5,6,87.94,55.04,80.97,0,0
7.35,1,2,4,55.29,85.38,61.61,0,0
6.54,0,0,6,75.31,51.56,50.05,1,0
6.25,0,3,6,90.73,93.51,87.86,1,0
9.96,2,0,7,96.81,56.93,99.26,0,1
7.29,3,3,4,75.68,56.37,90.5,0,1
9.24,2,5,0,97.51,58.78,73.01,0,1
7.02,3,5,5,76.78,98.01,95.19,1,1
8.73,1,1,5,69.71,84.66,70.49,1,1
9.04,2,0,7,92.41,90.07,76.25,1,1
8.38,0,4,2,74.65,69.88,73.86,0,0
7.89,1,5,5,73.6,66.82,72.38,1,1
7.65,0,5,1,74.52,61.72,88.76,0,0
7.4,1,1,0,92.34,74.03,76.34,0,0
9.72,2,3,4,91.6,77.59,65.84,0,1
9.32,3,1,5,70.18,81.59,62.91,1,1
9.86,1,0,0,66.66,62.86,51.89,1,1
6.5,3,2,7,74.6,97.43,79.16,0,0
8.92,1,2,5,78.64,58.49,61.5,1,1
9.75,0,3,4,61.92,98.28,57.41,1,1
6.72,0,5,3,89.7,50.74,82.69,0,0
6.27,1,3,4,74.32,74.06,84.06,0,0
8.96,3,5,4,66.7,66.67,87.61,1,1
8.3,2,5,4,55.34,72.46,75.18,1,1
9.37,2,2,5,61.94,78.53,94.7,0,1
6.56,0,3,2,97.46,71.78,96.82,0,0
9.18,2,1,4,65.25,70.74,90.37,0,1
6.81,0,5,7,58.44,86.64,81.78,0,0
6.65,2,4,1,73.03,84.29,65.19,1,0
6.66,1,4,1,65.35,91.66,99.15,0,0
9.26,0,1,7,51.76,62.5,63.71,1,1
8.66,0,4,0,66.16,80.48,60.13,0,1
8.09,1,0,2,77.21,79.26,72.11,0,0
7.44,0,5,0,77.59,68.49,52.84,0,0
9.51,2,1,7,67.83,74.3,98.92,1,1
7.57,2,3,1,72.37,65.69,79.42,0,0
9.27,0,5,6,98.28,57.09,77.85,1,1
7.76,2,1,1,68.87,60.69,82.79,0,0
7.51,3,2,3,62.91,55.28,74.85,0,0
7.85,0,3,4,62.17,84.15,51.6,0,0
7.21,1,2,6,72.89,83.04,80.62,0,0
8.99,3,5,1,87.98,97.53,85.81,1,1
8.01,0,3,5,60.3,86.48,70.84,0,0
6.93,1,4,5,85.46,52.6,87.86,1,0
9.6,2,1,0,51.06,94.21,61.35,0,1
7.54,1,5,6,70.95,93.13,61.06,0,0
8.17,3,0,0,88.79,72.17,58.07,0,0
9.63,2,3,4,66.94,79.29,68.6,0,1
8.5,0,3,4,78.19,98.8,92.35,1,1
6.47,2,5,3,60.25,76.62,91.4,1,0
9.76,0,5,7,87.1,95.27,69.14,0,1
8.51,0,2,7,52.61,54.15,79.46,0,0
7.34,1,4,2,92.63,59.55,86.04,1,1
6.56,1,2,0,59.91,72.04,62.06,1,0
9.18,1,2,4,93.72,79.24,58.41,1,1
8.48,3,4,7,67.63,90.81,98.6,0,1
8.13,3,0,0,86.13,99.41,80.88,0,1
9.58,1,2,4,65.96,69.44,99.07,1,1
9.15,3,2,1,95.3,52.37,66.89,1,1
6.61,2,3,0,56.33,90.06,85.15,0,0
7.25,2,4,1,58.93,80.22,61.13,1,0
6.99,3,1,0,74.65,59.93,63.06,1,0
8.98,3,0,2,54.1,74.74,75.6,0,1
6.13,2,0,3,59.8,87.12,65.98,0,0
8.28,0,4,5,97.19,88.52,58.38,0,0
9.05,2,5,7,98.82,74.98,63.14,0,1
9.51,2,5,5,68.81,65.26,51.79,1,1
7.37,3,3,5,96.16,98.69,85.22,0,1
9.29,2,3,1,77.24,83.17,74.61,1,1
6.44,3,4,6,63.49,70.41,54.71,1,0
9.39,3,3,4,85.12,64.02,58.58,0,1
6.51,1,0,5,82.95,86.56,55.13,0,0
7.59,2,0,2,99.46,62.11,80.63,1,0
9.19,0,1,5,63.25,58.59,54.71,1,0
6.6,1,5,0,83.6,76.49,87.71,1,0
6.92,3,4,1,52.6,64.5,51.03,0,0
8.89,3,2,6,55.68,81.45,62.47,0,1
8.88,0,5,0,50.2,55.9,94.53,0,0
8.56,3,2,6,99.97,82.75,85.93,1,1
8.78,2,1,0,90.11,64.16,53.65,0,0
8.17,1,1,0,89.34,50.01,91.06,1,0
7.01,3,3,7,75.49,56.35,74.65,0,0
7.38,3,1,3,65.0,96.68,92.34,1,1
6.73,0,1,3,57.56,93.37,80.04,1,0
9.63,2,2,4,64.23,61.68,84.09,0,1
8.33,3,3,1,68.8,88.92,99.68,1,1
7.6,0,1,2,87.82,80.43,61.62,0,0
7.85,3,5,2,76.98,98.55,81.2,0,1
9.79,0,1,2,53.87,68.68,73.02,0,0
6.61,0,3,7,50.9,84.07,51.97,0,0
8.34,2,4,0,55.12,53.18,50.72,0,0
8.02,3,3,3,70.52,69.81,55.96,1,1
8.45,2,2,1,96.66,98.19,82.45,1,1
6.07,0,4,0,81.87,76.95,78.36,0,0
9.49,1,5,6,90.09,64.39,77.67,1,1
9.73,3,0,3,73.32,56.01,51.59,1,1
8.26,1,3,3,68.08,85.18,73.47,1,0
8.79,3,2,5,55.42,82.24,96.23,1,1
9.69,2,5,5,93.8,68.7,69.88,0,1
8.83,2,4,7,89.16,97.55,81.25,0,1
6.61,2,5,1,58.41,51.11,88.99,1,0
8.31,2,3,6,75.61,65.19,89.2,0,1
8.43,2,1,1,74.37,96.05,75.96,0,1
7.7,1,3,1,81.25,66.05,92.9,0,0
8.95,2,0,7,97.31,62.61,69.57,0,1
9.74,0,3,7,78.99,76.71,94.43,0,1
9.7,0,4,0,77.01,91.19,62.01,0,1
7.8,1,4,4,52.52,55.16,64.01,0,0
6.45,3,3,7,53.15,97.15,52.66,1,1
9.94,0,4,1,59.37,89.75,89.78,0,1
9.36,3,1,5,51.62,59.06,70.85,0,1
6.5,1,5,4,87.17,85.6,61.46,0,0
9.68,3,3,0,86.17,69.25,61.59,0,1
9.48,3,1,4,56.8,70.11,95.07,0,1
8.08,3,5,2,91.8,89.16,91.7,0,1
8.37,3,5,6,57.74,98.14,77.68,0,1
7.6,1,1,4,65.06,56.33,80.81,1,0
6.22,0,2,1,62.45,71.03,73.72,0,0
7.34,2,3,0,68.62,74.05,69.58,0,0
9.21,3,5,6,62.73,68.82,95.77,0,1
6.02,0,5,1,74.45,68.16,56.28,1,0
7.33,0,4,6,70.37,52.61,70.92,1,0
7.59,1,5,5,99.33,84.28,67.23,1,1
8.15,0,1,2,52.8,71.81,74.91,0,0
9.68,1,5,5,57.11,59.74,72.88,0,1
7.39,3,2,1,52.64,90.8,75.94,0,0
7.39,3,3,1,81.29,90.13,57.0,1,1
8.95,2,3,1,52.73,74.32,75.66,0,1
7.81,2,5,3,91.82,64.92,62.12,1,1
6.9,2,0,2,75.6,81.9,59.22,1,0
7.81,0,0,6,76.35,64.41,53.24,1,0
6.56,3,1,7,78.08,61.8,88.13,0,0
6.71,1,0,1,58.54,86.53,71.37,1,0
7.99,2,1,1,59.88,52.02,81.33,0,0
7.68,1,4,6,65.94,54.74,86.38,0,0
9.66,1,1,7,79.67,50.34,83.97,0,1
7.45,2,0,5,60.51,57.65,73.53,1,0
8.32,3,5,5,55.82,53.45,69.39,0,1
8.53,2,4,1,98.51,99.79,68.8,0,1
6.05,1,0,0,51.1,64.44,82.0,0,0
8.65,2,1,3,90.13,57.46,74.74,1,1
6.71,1,2,5,89.4,62.05,92.46,1,0
9.84,1,3,0,64.86,96.81,93.74,1,1
6.59,2,0,3,56.78,76.01,58.53,0,0
7.66,0,1,1,57.28,68.24,56.81,0,0
6.34,2,4,2,84.87,93.67,81.52,0,0
9.99,0,0,4,82.14,69.75,65.06,0,1
8.01,1,0,4,89.14,66.75,50.93,1,0
8.38,1,3,1,96.87,60.36,94.43,0,1
6.27,0,1,5,84.6,68.89,61.35,0,0
9.0,1,2,0,57.79,65.83,96.46,0,0
6.84,0,4,2,62.17,83.87,85.87,1,0
9.59,0,1,6,92.11,64.48,88.13,0,1
6.82,1,4,3,60.47,78.86,60.07,0,0
6.76,3,0,1,53.63,53.29,61.71,1,0
6.15,0,3,2,85.16,59.56,76.06,0,0
7.89,2,3,7,70.13,70.37,58.6,1,0
8.26,2,5,2,96.0,96.85,65.27,0,1
6.26,1,2,5,82.51,68.86,66.07,1,0
9.1,3,3,7,54.52,83.2,57.98,0,1
7.81,1,0,3,97.39,62.75,60.26,0,0
8.1,3,2,7,62.93,56.35,89.43,1,1
7.76,0,1,2,66.86,52.93,58.36,0,0
7.6,0,3,5,70.11,65.27,51.42,0,0
8.24,0,2,7,52.56,57.88,81.47,0,0
6.62,0,0,0,74.83,58.7,98.8,1,0
6.73,2,5,5,56.17,88.04,66.56,0,0
9.45,2,4,0,70.05,50.79,55.93,1,1
9.78,1,4,0,67.54,77.89,78.52,1,1
7.49,3,0,7,88.64,68.97,95.32,1,1
7.08,0,0,7,90.16,75.33,89.2,0,0
8.58,0,4,6,57.67,78.14,81.13,0,0
7.63,3,5,6,68.33,65.67,65.75,1,0
6.1,3,2,2,68.67,64.76,77.09,0,0
6.62,1,4,5,57.57,86.67,54.56,0,0
8.86,3,0,6,89.92,93.56,83.95,0,1
8.64,0,3,0,85.36,59.63,86.25,0,0
6.11,0,1,6,59.52,54.88,98.25,0,0
6.89,0,5,3,68.34,94.89,63.02,0,0
6.92,0,5,2,55.29,67.49,50.92,1,0
8.69,0,3,5,81.41,77.57,77.28,0,1
6.08,1,3,5,56.07,67.98,85.34,0,0
6.42,0,0,4,99.3,56.29,89.52,0,0
9.2,1,4,5,89.03,79.47,59.69,0,1
6.71,0,2,2,69.51,76.26,63.09,0,0
8.61,2,5,3,78.93,60.15,75.63,1,1
6.95,2,5,5,95.57,72.59,66.53,1,1
6.4,2,3,4,77.7,89.85,93.03,0,0
6.97,2,4,2,58.72,79.52,73.69,0,0
8.89,1,5,0,68.94,54.85,89.98,0,1
9.42,1,2,1,92.16,77.4,79.03,1,1
9.32,3,3,1,82.21,85.14,88.65,1,1
7.59,0,2,0,82.54,89.64,66.63,1,0
8.67,2,4,6,93.34,81.46,91.57,0,1
6.82,1,5,5,94.7,57.63,63.73,1,0
7.17,0,1,7,95.99,85.51,77.3,0,0
9.59,0,5,1,54.74,83.87,60.7,0,0
6.05,1,4,6,77.21,51.22,73.78,1,0
6.34,2,5,1,87.03,70.59,65.91,1,0
6.83,3,5,0,87.85,66.65,63.34,0,0
6.11,0,0,5,80.34,83.47,98.35,0,0
6.73,3,5,5,58.34,60.81,58.0,0,0
8.33,2,5,6,89.87,79.54,89.37,0,1
7.69,2,2,0,86.01,95.66,99.21,0,1
9.57,3,1,6,54.31,89.89,51.0,1,1
9.27,2,2,5,73.19,96.07,84.95,1,1
7.37,0,2,7,58.7,98.93,62.65,1,0
7.04,3,3,5,66.87,50.53,52.02,1,0
7.52,2,0,2,50.9,81.14,70.14,0,0
8.36,3,2,7,70.02,70.64,96.76,1,1
7.07,0,4,6,77.49,92.99,50.59,0,0
8.5,2,4,2,80.98,62.59,79.39,0,1
7.64,0,5,0,83.17,99.05,75.07,0,0
8.21,2,3,3,91.81,80.69,93.67,0,1
7.74,1,0,1,60.77,89.68,54.2,1,0
7.18,2,0,2,56.02,54.28,84.08,1,0
9.79,3,5,1,92.58,59.17,84.01,0,1
9.05,2,4,4,57.83,87.92,83.45,1,1
6.56,0,1,0,98.74,51.1,97.12,0,0
9.47,0,3,3,92.13,90.84,91.15,1,1
7.95,2,5,4,75.04,50.7,52.1,0,0
9.58,3,3,4,99.07,82.86,73.55,0,1
9.2,1,4,5,54.87,68.25,69.9,0,1
7.7,3,4,4,65.15,80.57,65.51,1,1
6.09,1,1,0,81.91,84.8,72.57,0,0
7.07,0,1,2,67.5,67.12,69.21,1,0
8.17,3,0,0,96.42,55.4,71.62,0,0
8.53,1,3,2,53.28,53.48,98.96,1,0
7.03,2,3,4,77.47,79.45,54.43,1,0
6.56,0,4,4,79.54,76.03,96.11,0,0
9.34,2,0,7,82.64,87.11,74.01,0,1
9.94,0,5,3,62.78,75.49,81.19,1,1
8.1,3,3,2,68.23,71.12,91.51,1,1
6.69,3,0,4,92.18,69.9,68.02,1,0
7.09,0,0,5,59.75,51.32,71.52,0,0
6.07,0,4,7,91.34,66.78,70.48,0,0
9.66,0,0,1,78.13,98.8,68.74,1,1
6.47,3,1,7,88.11,93.68,96.28,0,1
8.31,1,1,3,85.68,66.47,91.45,0,0
7.1,2,2,0,60.38,79.39,55.45,0,0
8.22,2,4,3,78.44,92.36,55.41,1,1
8.61,3,5,1,93.39,72.06,71.39,1,1
9.32,2,2,7,71.61,50.9,54.93,0,1
6.83,0,1,2,98.33,53.73,80.95,0,0
6.04,1,2,0,72.61,75.52,57.18,0,0
6.55,2,4,0,57.14,98.47,76.12,0,0
9.6,1,4,2,69.47,84.66,50.36,0,1
9.5,0,0,6,97.59,53.55,65.83,1,0
8.39,2,3,6,65.99,59.47,83.86,0,0
8.4,3,0,3,93.4,88.57,74.2,0,1
8.66,1,4,4,94.06,92.07,98.91,1,1
6.7,0,1,6,67.51,80.88,93.71,0,0
9.66,1,5,3,54.16,82.22,67.95,0,1
7.68,2,1,6,86.23,51.42,52.27,0,0
7.53,2,0,1,65.58,91.43,92.28,0,1
8.08,3,5,5,89.15,89.41,95.56,1,1
6.19,0,4,4,72.13,62.95,91.03,0,0
6.67,0,1,3,74.26,85.43,56.4,0,0
8.95,3,4,5,88.9,60.74,99.9,1,1
6.33,3,5,5,69.12,52.02,62.93,1,0
8.41,0,5,7,72.16,60.06,86.21,0,0
6.98,1,1,6,68.81,58.93,95.4,0,0
7.56,1,4,7,68.37,66.89,61.78,1,0
7.15,3,2,2,76.3,70.92,95.41,0,1
7.42,1,4,1,90.44,75.43,65.47,1,1
8.88,0,5,1,68.09,73.84,98.82,1,1
7.19,2,4,1,76.21,63.53,64.06,1,0
8.27,2,0,4,83.54,51.46,97.67,0,1
7.9,1,2,0,63.47,80.26,52.68,0,0
8.65,3,3,4,63.88,69.79,85.46,1,1
9.75,3,0,3,96.67,64.93,76.61,0,1
8.93,3,3,5,86.18,93.35,73.89,0,1
6.86,3,1,5,78.86,87.34,61.17,0,0
6.12,3,3,7,82.39,92.89,85.28,0,0
7.05,1,4,0,51.46,74.75,59.54,1,0
8.38,2,3,3,80.91,56.55,77.64,0,1
6.21,2,5,0,75.48,84.81,62.66,1,0
7.99,1,0,5,77.29,60.3,97.78,0,0
8.39,3,0,6,67.97,72.06,51.43,0,1
7.34,1,3,4,54.07,53.25,59.99,0,0
9.08,2,0,1,59.67,91.27,62.12,1,1
6.43,0,5,5,97.54,56.3,70.7,1,0
6.3,1,0,2,70.43,95.15,61.64,0,0
8.91,3,3,1,73.33,93.21,74.57,1,1
7.98,2,2,5,52.64,73.23,93.62,0,0
8.75,2,2,4,51.88,87.22,85.6,1,1
7.74,2,1,0,85.86,80.97,79.0,1,1
6.99,2,0,6,76.9,90.15,54.45,1,0
9.28,3,3,6,75.44,71.59,84.7,1,1
9.2,0,0,1,62.16,89.29,58.32,0,0
8.78,2,4,4,87.24,73.12,89.32,0,1
7.09,1,5,6,58.41,97.05,62.5,0,0
8.36,0,0,6,59.5,74.32,70.85,0,0
7.44,2,0,3,73.04,73.13,67.52,1,0
6.37,0,2,2,64.31,89.25,92.94,0,0
9.67,1,5,1,62.37,91.08,56.33,1,1
6.55,2,3,0,82.26,77.72,78.28,0,0
9.8,1,0,6,82.55,58.99,57.1,0,1
7.78,3,2,3,91.23,73.39,85.24,1,1
6.74,2,1,4,70.89,98.4,95.25,0,0
8.17,2,5,6,53.65,87.65,71.73,1,1
9.49,2,2,7,63.68,90.56,74.4,0,1
8.93,2,2,2,99.0,51.64,96.37,1,1
9.23,3,2,0,79.81,73.39,76.05,0,1
8.64,2,0,4,85.49,82.33,74.38,0,1
8.77,0,0,4,50.37,91.5,78.92,1,0
9.4,2,1,1,75.91,52.46,84.46,1,1
7.0,3,4,6,51.88,92.62,55.34,0,0
7.96,2,4,1,78.46,77.42,91.06,0,0
6.88,0,4,0,96.04,59.87,71.78,0,0
9.95,3,5,7,98.42,65.86,53.62,0,1
9.78,3,5,6,77.03,64.1,89.31,1,1
6.16,0,1,5,72.91,76.54,68.85,1,0
8.82,0,5,6,97.25,52.58,55.02,0,1
9.7,0,4,7,83.68,57.93,81.69,0,1
6.72,0,4,5,53.24,90.63,94.01,1,0
8.27,0,2,4,73.29,56.63,94.39,0,0
9.66,3,5,1,62.01,61.67,97.88,1,1
6.14,3,0,2,73.49,72.67,93.39,0,0
8.79,2,0,6,72.77,75.86,50.11,1,1
7.19,2,2,2,79.11,88.18,69.01,0,0
9.7,1,2,6,67.84,72.37,90.93,1,1
9.88,2,2,4,58.21,89.49,68.31,0,1
9.78,2,0,1,75.19,80.92,80.08,0,1
7.9,0,4,0,91.51,55.65,80.32,1,1
9.45,0,2,0,83.2,57.82,68.25,0,1
9.38,2,1,0,66.92,71.85,95.22,0,1
7.28,1,2,6,96.78,69.84,75.16,0,0
9.32,0,3,6,95.61,87.18,73.24,0,1
6.15,2,2,2,60.47,79.04,99.88,1,0
8.39,2,0,1,51.97,69.41,74.68,1,0
6.92,3,5,7,87.07,58.54,58.92,0,1
6.48,1,2,6,91.38,61.34,75.65,1,0
6.31,3,5,1,98.39,78.78,90.7,0,0
8.79,1,3,2,94.49,71.17,88.84,1,1
7.36,0,1,6,80.03,75.75,89.43,0,0
8.9,1,5,0,76.5,58.53,85.4,0,1
6.26,2,4,0,51.39,83.15,62.71,0,0
7.26,2,2,4,62.33,92.63,93.1,0,0
8.16,1,3,5,72.98,62.9,94.67,0,1
9.16,1,3,3,81.43,74.58,59.71,0,1
7.28,1,5,7,77.86,98.78,56.52,1,1
8.5,3,1,5,87.13,66.66,98.78,0,1
9.54,1,0,6,63.99,79.75,93.42,1,1
8.46,0,2,1,78.25,54.51,94.66,0,0
6.93,3,3,6,54.41,80.3,94.32,1,1
6.1,3,1,1,70.68,54.48,77.08,1,0
9.48,1,4,1,87.51,97.96,82.32,1,1
6.09,0,3,5,84.67,85.78,77.27,1,0
9.5,3,1,3,99.53,89.41,52.56,1,1
8.12,2,0,4,63.89,85.21,87.28,0,0
9.76,3,0,5,74.91,79.49,75.27,1,1
9.2,1,3,3,66.48,72.5,82.39,0,0
9.99,0,3,0,72.03,92.92,75.13,0,1
7.4,1,5,0,92.85,97.84,74.59,0,1
9.07,2,2,1,84.21,74.95,58.59,1,1
7.61,2,1,2,94.12,96.58,63.94,0,1
7.92,2,3,6,60.18,79.17,57.94,0,0
8.51,1,2,6,93.67,76.92,59.78,0,1
9.49,3,5,1,52.99,72.72,98.65,1,1
9.94,1,2,2,94.43,60.46,57.66,0,1
9.07,0,3,7,66.45,50.19,63.46,0,0
7.67,3,0,3,65.73,62.08,79.53,0,0
7.69,2,1,7,75.6,75.49,80.51,1,0
8.95,1,1,7,97.03,69.0,57.7,1,1
6.96,2,0,0,52.39,72.42,89.69,1,0
6.44,2,3,7,67.61,99.03,89.26,1,0
7.42,0,1,6,92.83,67.51,61.87,0,0
7.15,3,3,5,69.8,72.61,64.43,1,1
7.19,0,5,2,59.96,56.68,96.9,0,0
6.93,0,3,3,71.24,52.4,91.28,0,0
6.17,0,2,0,69.28,88.77,84.89,0,0
6.07,2,0,7,95.77,78.53,54.11,0,0
9.95,0,3,5,88.1,88.04,70.91,1,1
7.71,0,5,2,75.26,57.49,77.97,0,0
7.54,3,4,1,99.42,78.59,59.37,1,1
8.72,3,0,1,73.26,62.68,72.41,0,1
6.87,0,1,1,52.91,61.4,80.05,0,0
9.8,3,2,6,63.11,50.58,66.37,0,1
9.15,3,1,3,71.8,56.52,89.05,1,1
6.36,0,5,1,57.85,65.46,92.02,1,0
7.67,2,5,6,97.38,55.84,66.18,0,1
9.52,0,1,4,88.34,99.29,91.93,0,1
9.78,3,0,6,63.41,65.43,55.18,0,1
7.87,2,1,0,79.54,56.52,91.89,1,0
8.45,1,3,6,86.07,59.95,57.64,1,1
6.67,2,1,3,97.06,79.39,54.15,0,0
9.96,3,2,5,94.08,53.2,82.09,1,1
6.93,2,2,7,75.76,93.12,73.6,0,0
9.77,0,4,6,88.73,98.07,95.39,0,1
8.6,1,2,1,78.11,62.34,68.16,1,1
8.43,1,1,0,77.64,72.5,64.36,0,0
8.05,1,2,2,55.74,51.11,75.04,0,0
6.92,3,0,1,56.31,82.04,72.8,0,0
6.71,3,2,0,76.48,70.7,67.22,0,0
6.88,1,3,4,63.44,63.5,84.69,1,0
6.75,2,0,7,51.05,60.34,87.98,1,0
9.12,1,4,2,86.14,82.7,92.65,1,1
7.4,2,3,4,51.62,70.81,98.64,0,0
6.23,2,1,5,79.76,58.98,63.33,0,0
9.88,3,1,0,76.96,84.46,85.8,0,1
9.54,2,1,4,98.44,78.25,69.71,0,1
9.71,1,3,7,74.21,92.93,83.85,1,1
9.98,3,3,7,53.18,55.87,73.8,1,1
6.7,0,3,5,77.58,89.28,99.69,0,0
7.58,0,0,7,92.05,83.68,86.45,1,0
9.03,3,5,0,99.84,55.75,97.62,1,1
8.78,1,0,0,71.52,84.74,91.75,0,1
6.62,0,1,7,66.01,72.08,95.15,1,0
9.26,0,5,4,95.33,97.25,90.72,0,1
6.9,2,2,0,59.56,57.08,72.96,0,0
6.9,2,1,1,80.77,82.14,62.59,0,0
8.15,1,4,7,70.29,69.1,68.52,0,0
8.37,3,0,0,52.05,97.84,51.01,0,0
8.32,1,3,3,67.36,66.5,76.2,0,1
6.37,3,0,5,63.26,98.11,75.25,0,0
9.51,0,3,7,84.3,95.07,76.26,1,1
7.06,2,5,0,97.44,63.52,98.7,1,1
6.52,1,4,3,63.4,90.18,95.57,1,0
9.55,1,5,0,90.57,99.78,58.09,0,1
9.82,3,4,0,52.77,62.63,68.44,0,1
9.45,3,0,4,76.91,71.84,71.2,0,1
9.24,1,3,1,53.53,76.01,68.03,0,0
8.62,3,5,7,96.7,64.75,89.92,0,1
8.2,1,4,5,88.32,50.76,76.2,1,1
6.35,1,1,7,82.9,61.01,78.6,1,0
7.63,1,1,1,91.19,64.1,92.65,1,0
7.49,0,5,2,82.38,72.18,90.3,0,0
7.04,3,3,4,98.45,58.56,56.61,0,0
8.89,2,5,4,85.7,93.66,85.7,1,1
7.98,2,0,1,96.23,85.25,71.77,0,0
6.32,3,4,6,75.86,54.26,64.73,0,0
6.88,1,0,4,55.85,82.5,52.5,0,0
8.73,2,1,7,76.41,82.68,74.36,0,1
6.3,2,4,1,56.34,97.81,67.77,0,0
9.4,3,5,4,79.62,50.15,62.58,1,1
7.98,2,0,0,74.12,62.4,84.73,1,0
7.92,1,2,1,81.13,96.39,88.47,0,0
8.37,3,3,1,50.5,96.61,62.24,0,1
9.3,1,3,7,59.74,86.03,52.47,1,1
7.39,2,2,3,74.57,88.29,92.44,0,0
8.71,2,1,4,97.53,54.57,50.5,0,0
8.26,1,4,4,69.18,75.69,96.86,0,1
7.07,0,3,1,71.22,61.58,81.38,0,0
9.51,2,2,0,85.73,59.06,66.09,1,1
9.19,0,5,0,80.19,90.52,62.32,1,1
8.63,2,2,5,64.95,56.75,50.45,0,0
9.4,0,1,0,70.54,73.43,61.77,0,0
9.47,0,1,4,60.88,96.93,56.89,0,0
8.83,0,0,6,98.3,59.29,80.61,0,0
9.35,1,3,3,56.53,98.9,58.33,1,1
8.79,0,0,1,68.59,99.71,76.43,1,0
8.72,0,2,2,51.29,77.78,79.51,0,0
8.47,0,4,3,61.09,58.51,64.9,1,1
9.01,2,4,7,89.02,65.81,51.75,1,1
6.63,0,1,7,60.06,71.22,51.86,1,0
9.52,2,4,6,54.0,65.47,51.32,0,1
9.49,0,4,2,73.72,64.03,86.96,0,1
6.12,0,4,3,50.5,98.61,65.9,1,0
9.3,1,2,0,54.24,57.67,89.82,0,1
6.52,2,4,4,90.38,86.67,71.59,1,0
7.34,0,5,6,88.57,50.02,72.65,1,0
8.97,2,4,2,95.76,79.81,75.64,1,1
6.64,2,4,6,92.73,95.8,85.65,0,0
9.27,3,0,3,84.16,64.4,63.68,1,1
9.33,1,2,4,52.62,59.28,56.08,0,0
8.03,1,1,6,89.14,82.58,77.8,1,1
6.03,1,0,2,92.28,85.63,66.35,0,0
7.15,3,3,1,89.95,84.4,72.12,0,1
8.47,3,2,3,75.42,65.97,82.35,1,1
9.92,1,5,1,61.65,62.61,74.71,0,1
8.53,3,2,0,92.27,97.8,81.01,0,1
7.04,3,3,1,86.36,96.16,77.21,1,1
8.54,3,3,1,99.04,72.87,86.99,0,1
8.16,1,3,5,57.78,92.31,85.3,1,1
9.12,1,1,3,61.28,72.62,76.71,0,1
6.43,1,4,0,60.59,71.22,83.95,1,0
9.04,3,2,1,89.63,57.84,93.68,1,1
8.17,1,4,7,59.35,71.32,71.61,0,0
9.85,3,4,4,53.33,76.87,70.64,0,1
7.37,0,5,2,99.93,51.13,88.21,0,0
8.53,3,3,1,51.24,72.21,79.13,0,1
9.73,2,1,0,91.76,89.07,53.55,0,1
6.41,1,5,1,68.27,84.0,94.61,1,0
9.75,1,0,2,92.08,81.76,51.54,0,0
8.75,2,1,0,77.73,95.48,87.42,0,1
6.27,3,4,3,95.08,50.9,87.94,1,0
7.2,0,1,0,96.31,77.85,97.66,0,0
8.83,2,3,3,50.45,89.37,52.71,0,1
6.27,2,0,0,53.77,77.07,79.84,0,0
8.33,3,3,7,62.52,66.19,71.39,0,1
7.38,1,0,6,83.47,56.81,66.53,1,0
8.48,3,5,2,94.41,94.38,54.52,1,1
6.18,2,4,2,73.0,73.54,78.13,0,0
9.49,2,0,0,80.35,93.91,73.95,0,1
9.89,1,0,6,59.42,79.29,55.23,0,0
9.88,1,0,1,90.25,83.71,80.62,0,1
9.0,1,1,2,98.37,90.21,86.9,1,1
6.52,3,5,7,63.43,82.96,88.36,0,1
9.03,1,1,3,74.74,69.9,95.27,0,0
6.1,2,4,3,54.31,75.68,70.47,0,0
6.09,2,0,4,77.96,90.15,97.65,1,0
7.29,0,5,5,75.14,68.68,93.27,1,0
7.95,3,5,6,57.22,69.41,64.83,1,1
9.08,0,2,5,72.1,54.78,57.96,1,0
8.73,2,4,5,66.71,95.73,71.77,0,1
7.78,0,5,3,76.09,54.55,70.09,0,0
7.09,2,0,7,79.28,82.41,78.79,0,0
9.99,0,0,7,50.42,70.66,79.17,1,0
7.7,1,5,4,88.05,70.28,87.5,1,1
7.81,0,1,5,85.65,83.98,75.49,0,0
6.65,1,4,5,68.31,53.35,55.24,1,0
9.18,1,0,0,52.65,79.69,92.91,1,1
8.77,3,5,0,87.75,88.6,65.49,1,1
6.88,1,0,0,97.76,91.41,98.56,0,0
6.33,1,5,1,62.01,58.53,55.89,1,0
8.72,0,4,5,66.18,94.87,97.91,0,1
8.62,2,5,7,59.19,82.81,54.55,1,1
7.09,3,2,7,78.85,94.09,61.55,1,1
9.8,1,5,1,57.74,74.26,52.33,0,1
6.6,3,5,7,67.81,77.1,85.26,1,1
7.73,0,4,4,84.85,95.95,92.51,1,1
9.77,1,5,6,78.01,95.0,71.7,0,1
7.68,0,4,3,69.32,72.41,96.43,0,0
8.55,3,2,5,71.01,63.72,79.51,0,1
7.59,0,4,7,78.11,69.66,81.5,1,0
7.1,3,0,3,50.29,69.39,92.27,1,0
9.94,0,4,7,53.93,64.34,64.84,0,1
7.64,3,2,6,94.06,63.43,67.71,0,0
9.58,2,3,0,53.89,93.05,95.3,0,1
6.92,0,5,5,85.34,53.49,95.05,0,0
6.85,0,4,2,96.0,83.88,98.82,0,0
6.12,2,5,1,63.53,58.64,95.09,0,0
8.61,2,1,1,68.52,67.23,56.37,0,0
7.47,0,0,5,78.45,53.08,91.19,0,0
9.46,2,0,6,94.09,63.5,70.49,1,1
7.89,1,1,0,97.1,88.42,99.54,1,1
9.87,3,1,1,86.98,94.25,73.61,1,1
6.74,3,4,0,54.33,61.08,77.69,1,0
9.47,3,1,4,83.46,73.18,76.49,0,1
9.11,1,3,3,70.52,73.52,66.09,0,0
9.08,2,5,6,73.54,93.68,53.75,0,1
9.38,2,5,2,52.46,88.14,94.78,1,1
9.04,0,2,3,59.55,75.65,90.13,1,0
8.5,2,1,3,89.53,83.54,56.98,1,1
6.52,0,1,4,72.7,92.37,88.84,1,0
6.13,1,3,1,65.08,50.48,81.29,1,0
9.68,3,0,2,69.2,70.14,70.46,0,1
8.47,3,0,1,92.72,95.36,62.7,0,1
9.19,3,5,5,87.45,87.02,92.99,0,1
7.93,2,5,3,63.62,77.14,85.01,0,1
6.47,0,4,5,55.88,76.48,77.39,1,0
6.5,0,3,0,62.6,67.39,80.48,0,0
8.74,1,2,3,96.04,76.03,54.55,0,1
7.72,2,2,1,79.08,82.77,73.7,0,0
6.8,1,3,3,76.67,70.92,59.69,0,0
7.97,0,2,0,79.82,85.71,60.42,0,0
6.26,0,0,4,68.3,93.06,83.07,0,0
8.33,3,2,5,90.36,57.73,95.56,0,1
7.08,2,2,7,76.16,72.58,70.19,1,1
9.19,0,3,5,55.84,70.4,60.39,0,0
7.24,3,3,1,56.45,84.37,82.44,1,1
7.82,2,2,3,76.84,62.49,93.56,1,1
6.05,1,1,1,96.83,82.01,87.42,1,0
6.29,2,3,4,65.42,93.87,93.44,1,0
7.57,2,4,3,93.48,70.91,76.83,0,1
7.92,0,4,7,88.2,95.55,87.59,0,1
8.4,0,0,3,62.39,99.66,57.0,0,0
7.17,2,2,7,51.82,55.3,67.41,0,0
8.78,0,1,1,55.09,61.65,69.48,1,0
9.44,0,0,1,86.42,97.52,75.56,1,1
9.12,0,2,0,59.98,97.92,96.45,0,0
6.16,3,3,6,68.56,54.89,93.71,0,0
7.92,3,4,6,75.08,50.75,56.73,0,0
6.42,2,5,4,86.27,58.06,58.64,1,0
6.97,0,1,6,55.66,99.8,67.88,1,0
9.95,3,5,0,70.32,59.0,64.54,1,1
6.57,2,4,5,74.25,75.13,80.74,1,1
8.0,0,5,7,77.04,92.42,95.14,0,1
8.47,1,3,3,90.92,51.02,98.11,0,1
8.81,0,2,1,58.58,80.22,82.68,0,0
8.24,0,3,3,90.39,63.85,91.91,0,0
6.04,3,5,3,84.64,93.12,76.26,1,0
7.31,2,3,2,77.79,64.17,60.42,0,0
8.07,2,4,5,84.98,84.34,76.23,1,1
6.35,3,1,2,70.6,83.71,77.75,0,0
7.4,0,3,6,56.92,61.07,87.12,0,0
6.13,1,4,3,83.29,51.74,60.99,0,0
6.31,0,1,7,76.23,70.46,68.42,0,0
7.59,0,2,1,81.97,64.46,68.2,1,0
6.53,1,5,7,66.9,90.45,97.97,0,0
8.27,3,2,3,95.34,90.02,72.2,1,1
8.76,2,0,5,79.37,72.85,87.75,1,1
9.2,3,4,7,54.27,80.33,87.54,0,1
6.8,3,1,2,72.49,80.21,63.28,1,0
6.67,0,3,1,87.82,91.36,78.59,0,0
6.42,2,2,3,89.71,71.25,94.72,1,0
8.55,2,1,4,74.73,63.77,73.76,1,1
8.83,3,4,5,94.74,63.25,97.26,1,1
6.13,1,0,5,63.38,76.81,60.72,0,0
9.74,3,2,4,70.53,72.46,53.71,0,1
6.21,1,5,7,94.93,72.01,94.57,0,0
8.17,2,1,3,94.81,54.56,92.38,0,0
8.84,3,5,5,84.29,85.93,99.63,1,1
9.48,0,1,1,92.95,60.69,83.97,1,1
8.86,3,1,3,54.44,59.85,96.83,0,1
9.21,2,4,3,93.25,70.64,91.35,0,1
7.36,0,4,2,66.03,61.39,92.22,0,0
9.26,0,4,5,58.92,79.19,78.46,0,0
6.32,1,3,5,61.97,68.57,69.12,0,0
9.58,0,1,4,70.9,72.45,96.73,0,1
8.19,0,2,2,62.56,76.86,71.61,1,0
9.27,3,5,7,66.03,60.18,76.94,0,1
7.81,2,4,6,56.75,57.79,72.31,0,1
8.57,1,4,7,64.81,94.02,78.24,1,1
8.11,3,5,7,78.61,71.69,73.53,0,1
8.93,0,5,2,72.09,70.6,52.4,1,0
6.33,0,1,5,67.34,51.78,94.1,1,0
6.24,1,4,3,87.32,74.9,72.22,1,0
6.99,2,5,2,94.68,77.71,79.45,0,0
6.64,1,3,4,87.84,77.94,56.96,0,0
9.49,3,3,2,66.6,85.35,50.17,1,1
6.88,1,4,4,87.22,58.87,62.26,1,0
9.9,0,5,7,57.6,62.61,85.23,0,1
7.35,3,1,6,56.52,90.54,54.96,0,1
6.73,0,1,2,67.28,97.36,95.44,0,0
9.16,2,1,4,90.39,56.8,60.75,0,0
8.63,0,0,2,62.32,74.88,60.23,0,0
7.99,0,4,6,53.16,60.71,59.08,0,0
8.22,1,1,7,56.59,53.0,50.7,0,0
8.88,0,3,2,92.94,66.28,88.59,1,1
6.91,3,5,1,81.69,57.18,93.75,0,1
9.99,3,2,4,62.66,85.5,80.71,1,1
9.9,2,2,6,77.76,76.69,59.41,1,1
8.6,3,1,4,76.38,57.19,64.26,0,0
6.8,1,2,4,82.77,50.46,73.8,1,0
8.72,2,2,0,61.66,90.41,97.72,1,1
6.29,3,0,6,93.22,58.81,62.37,0,0
6.12,1,3,2,65.47,80.31,86.58,0,0
7.03,3,3,4,84.71,66.85,71.97,0,0
7.85,3,0,5,50.81,79.27,64.89,1,0
9.47,0,0,0,68.63,65.78,72.8,1,0
8.91,3,2,1,67.59,54.35,53.56,0,0
8.97,3,4,4,77.17,61.15,89.93,1,1
7.7,1,5,7,53.64,59.4,62.17,0,0
7.38,1,5,4,89.51,71.4,86.27,0,0
7.48,0,2,0,60.89,82.91,53.42,1,0
9.95,3,5,2,83.85,63.19,97.75,0,1
6.16,0,0,5,90.16,50.6,59.65,1,0
9.47,3,3,7,78.09,75.95,94.14,1,1
8.31,2,5,1,87.04,80.29,90.47,1,1
7.75,2,2,7,83.09,98.14,98.39,0,1
8.9,0,4,4,67.78,79.47,73.89,1,1
7.95,0,2,2,90.44,73.56,86.37,1,0
9.49,0,1,6,64.74,78.67,68.54,0,0
9.6,1,2,5,78.56,96.4,59.22,0,1
7.69,1,0,6,87.27,91.42,72.15,0,0
7.11,1,3,5,68.95,66.15,58.29,1,0
8.37,0,3,1,65.14,61.86,99.1,1,0
9.65,3,5,3,72.97,63.13,54.81,0,1
6.84,2,0,5,90.9,75.22,79.46,1,1
8.49,0,1,3,96.5,87.2,81.32,0,1
8.53,1,0,6,77.25,75.16,76.9,1,0
8.93,1,2,5,83.07,53.39,83.11,0,0
6.53,0,0,1,95.16,86.18,55.81,0,0
8.86,0,0,0,54.93,90.3,77.75,0,0
9.64,1,1,1,61.6,64.47,64.36,0,1
6.72,3,2,1,85.45,83.21,97.01,1,1
6.95,1,4,0,91.19,71.33,88.1,0,0
9.89,1,4,0,92.85,94.46,98.63,0,1
6.72,0,3,2,70.76,92.26,51.88,0,0
9.42,3,5,5,54.47,76.27,64.26,0,1
7.97,1,0,6,71.89,84.58,59.77,1,0
6.99,1,3,2,61.54,94.17,50.56,1,0
9.48,2,1,0,64.56,74.79,62.12,0,0
7.78,0,4,3,88.61,65.66,83.94,0,0
8.06,2,0,6,53.78,87.68,61.55,0,0
7.44,2,1,3,91.38,61.0,75.45,1,1
8.37,1,5,1,71.38,69.43,94.39,1,1
6.65,0,1,4,79.8,93.29,84.69,1,0
7.56,3,0,1,54.48,86.22,69.73,1,0
9.88,1,5,1,66.87,70.19,68.62,1,1
7.03,3,1,4,54.49,60.74,72.79,1,0
8.63,3,5,5,98.08,67.8,58.85,0,1
7.3,0,0,0,90.36,64.21,81.7,0,0
9.09,2,0,3,72.98,58.8,68.21,0,0
6.52,0,5,1,61.18,87.17,92.62,0,0
9.88,3,2,4,96.67,62.6,87.83,1,1
7.82,1,3,2,67.23,72.71,80.53,0,0
6.94,3,1,1,58.05,69.29,68.21,0,0
6.29,1,1,3,78.16,99.1,60.5,0,0
6.68,1,2,0,97.19,69.55,88.81,0,0
8.08,0,2,1,50.19,54.0,74.32,0,0
7.35,3,2,1,61.91,54.49,61.24,1,0
9.32,2,4,5,96.92,79.54,59.76,1,1
7.72,3,4,7,58.55,79.97,58.27,1,1
6.99,3,5,4,55.66,70.94,88.86,0,1
8.47,2,4,2,78.51,71.59,61.45,0,1
8.83,0,0,2,93.09,52.7,76.33,0,0
6.67,3,5,6,73.86,75.83,72.58,1,1
6.67,3,1,0,99.73,75.24,78.98,0,1
6.15,1,3,6,83.96,57.48,93.86,0,0
8.95,3,0,3,53.7,55.19,93.39,1,1
8.66,2,1,0,99.64,56.18,72.55,0,1
7.9,1,1,1,70.39,55.05,50.77,0,0
9.38,0,5,7,64.37,80.49,71.32,0,1
9.22,1,2,1,77.89,59.82,80.31,0,1
8.34,2,2,2,65.22,62.57,77.89,0,0
9.47,2,0,3,54.32,58.68,82.57,0,0
6.82,1,2,4,50.07,97.89,57.7,1,0
6.45,0,1,3,72.48,92.73,82.33,1,0
7.08,1,2,1,91.84,61.52,59.13,0,0
6.23,0,4,4,78.62,66.38,87.53,1,0
8.12,1,2,3,99.96,60.49,66.95,0,0
9.75,2,1,7,64.34,74.59,85.49,0,0
6.16,3,5,7,64.02,50.98,52.39,0,0
6.49,3,0,3,57.99,83.57,70.39,1,0
7.81,0,3,4,58.2,76.16,85.25,0,0
9.74,0,2,1,64.26,94.93,61.34,1,1
7.26,0,1,3,89.64,58.22,89.76,1,0
8.03,2,3,4,95.29,90.21,81.54,0,1
6.17,1,3,5,98.75,89.6,79.38,1,0
6.59,2,4,7,61.61,56.36,67.68,1,0
9.95,3,3,5,94.06,69.93,74.12,0,1
9.86,0,5,1,66.41,58.51,79.87,0,1
6.02,1,1,4,55.64,62.74,73.62,1,0
9.81,3,1,5,93.5,63.16,84.92,1,1
8.56,3,2,4,81.81,77.81,71.68,0,1
9.47,3,2,3,58.24,70.57,60.11,0,1
7.82,2,2,1,71.49,97.39,60.7,0,0
8.06,0,5,5,64.36,56.32,50.29,0,0
7.96,3,3,6,86.84,98.68,65.05,0,1
8.67,0,3,3,72.67,61.53,87.45,1,0
6.56,2,4,7,99.46,88.64,89.71,1,1
6.12,3,5,6,52.74,66.95,60.12,0,0
7.23,2,2,6,67.75,57.15,97.95,1,0
8.82,2,0,0,74.1,92.89,75.12,1,1
6.81,0,4,0,75.16,65.44,95.85,0,0
8.69,3,0,1,65.8,82.94,85.34,0,0
9.88,2,3,5,86.46,78.32,86.12,0,1
6.38,3,4,5,93.74,73.59,54.25,1,1
8.69,0,4,5,96.94,74.79,61.0,0,0
7.78,2,1,4,90.25,86.61,50.44,1,0
9.47,0,3,3,92.53,54.39,85.81,0,0
6.71,3,3,5,77.53,83.41,67.22,0,0
8.77,3,5,3,91.29,94.79,89.33,0,1
9.35,0,4,1,65.18,52.89,66.95,0,0
9.78,1,3,6,69.92,57.03,90.97,1,1
8.73,2,4,5,65.85,85.83,56.53,1,1
7.99,3,5,1,73.37,71.86,58.67,0,1
8.47,3,5,5,64.28,70.18,67.04,1,1
9.48,2,1,0,98.08,56.85,70.42,1,1
8.28,0,4,2,65.64,75.34,67.44,0,0
6.12,0,3,1,54.9,56.33,88.18,1,0
9.72,0,3,5,76.34,73.83,54.85,0,0
8.76,1,4,7,52.85,88.18,67.56,0,1
8.71,1,4,2,55.53,62.91,91.86,0,0
6.86,3,4,1,60.97,74.04,53.34,1,0
8.64,0,2,7,73.22,99.6,97.12,0,1
7.58,2,3,7,71.66,84.33,99.32,1,1
8.6,3,5,4,89.98,92.07,54.43,1,1
6.43,2,3,7,86.97,70.74,64.56,0,0
8.63,3,2,5,71.32,88.39,68.62,0,1
10.0,1,4,4,66.69,52.03,88.82,0,1
6.19,3,1,0,65.82,56.15,79.8,0,0
9.91,1,4,5,88.7,60.15,82.22,0,1
7.63,3,4,6,52.6,70.1,87.88,0,1
9.48,0,2,7,50.64,92.29,55.9,0,1
9.13,2,3,0,89.78,67.31,91.66,0,1
8.27,0,4,2,73.86,82.73,85.28,0,0
8.95,3,3,1,56.54,85.47,78.87,0,1
9.51,3,0,7,61.78,79.31,94.49,1,1
7.62,3,5,3,96.63,67.86,85.02,1,1
7.31,1,3,0,92.98,78.85,60.08,0,0
8.67,2,1,3,85.49,67.11,71.49,0,1
9.23,2,5,7,74.11,54.19,74.7,0,1
9.05,3,1,3,76.02,99.64,52.76,0,1
9.19,3,4,7,98.76,56.36,97.73,0,1
7.74,1,5,1,98.29,53.62,56.43,1,0
9.27,0,3,2,60.76,93.93,84.87,1,1
6.48,0,5,1,90.56,65.09,75.31,0,0
8.18,2,4,5,59.86,82.51,51.28,1,1
6.02,1,2,0,60.68,66.45,96.24,0,0
7.3,3,1,3,83.8,69.57,92.59,0,1
7.47,2,4,1,70.25,63.11,76.21,0,0
7.58,1,2,7,96.58,67.15,61.45,0,0
8.78,0,5,1,54.45,70.54,56.08,0,0
7.55,1,5,1,75.58,86.02,68.17,0,0
7.79,0,4,0,95.93,75.58,62.77,0,1
6.95,1,3,2,95.21,97.18,75.33,0,0
7.49,2,5,6,57.83,52.09,98.32,1,1
6.91,0,3,1,68.33,75.15,78.75,1,0
6.29,2,3,0,80.96,79.21,94.5,0,0
8.41,2,3,3,57.97,96.01,82.54,0,1
8.67,0,0,7,98.4,52.46,73.76,0,0
8.48,0,2,5,95.74,78.67,92.73,1,1
7.85,3,2,6,58.35,92.68,73.57,0,1
7.52,3,5,4,56.06,62.1,93.43,0,1
9.45,3,5,6,54.27,93.81,64.58,0,1
8.08,2,3,7,95.47,50.95,56.44,0,1
7.92,2,0,6,59.68,86.62,92.77,0,0
6.1,3,3,7,70.81,96.66,79.37,1,1
7.36,2,0,0,72.44,82.86,94.45,1,0
7.52,2,3,4,79.95,71.95,96.89,0,1
7.6,0,1,1,53.59,52.24,52.68,0,0
8.32,0,1,1,61.34,96.01,75.05,0,0
8.13,2,4,6,96.57,73.51,68.75,0,1
8.43,3,3,0,95.42,51.45,81.29,1,1
9.06,1,5,4,89.06,84.49,89.68,0,1
9.25,3,2,1,50.97,74.09,64.03,0,1
8.87,1,4,3,66.35,56.22,77.84,0,0
9.82,3,5,2,81.4,60.71,85.44,1,1
6.07,0,1,2,63.76,53.22,56.72,1,0
6.78,2,3,1,95.48,78.71,90.7,0,1
6.03,2,4,4,81.69,81.1,80.31,0,0
8.59,0,3,5,53.6,75.29,97.48,0,0
9.59,1,1,1,95.45,90.86,66.98,1,1
6.97,1,4,5,97.89,93.05,55.41,0,0
9.71,1,1,5,53.89,80.78,75.33,0,1
6.24,0,0,7,76.62,50.64,54.29,0,0
9.74,1,1,7,65.17,84.76,98.48,1,1
7.41,0,3,4,69.64,70.9,51.93,0,0
6.41,3,2,5,58.98,78.28,87.68,0,0
7.94,3,1,3,78.9,82.45,76.26,0,1
7.03,0,5,4,97.9,67.51,68.43,1,0
7.14,2,2,1,75.15,95.85,53.29,1,0
7.23,3,0,6,54.15,56.7,81.11,1,0
9.21,1,4,3,81.0,83.58,79.26,0,1
8.16,0,4,0,67.01,50.22,64.04,0,0
7.25,1,2,2,92.8,96.23,95.51,1,1
8.44,1,4,1,71.73,55.63,65.21,0,1
8.86,2,1,1,59.64,54.74,72.49,1,1
7.09,1,2,1,59.56,66.65,77.19,1,0
7.65,2,3,3,88.44,68.68,55.01,0,0
6.49,3,1,0,63.28,60.72,96.61,0,0
6.72,0,1,6,88.36,79.26,68.73,1,0
8.72,1,1,4,60.29,72.15,54.04,1,0
6.73,0,3,7,66.08,51.71,69.36,0,0
8.1,1,0,0,73.27,65.98,80.01,0,0
8.84,0,5,3,97.16,90.52,75.68,0,1
6.43,1,4,1,96.59,84.49,84.73,0,0
8.27,1,2,2,60.34,86.24,52.77,0,0
7.03,1,0,1,67.91,84.91,64.23,0,0
9.85,1,2,4,57.47,65.55,90.96,1,1
7.93,1,4,5,75.5,54.98,53.99,1,0
9.22,1,3,2,73.03,63.62,92.77,1,1
8.2,1,1,1,95.04,91.59,54.59,0,1
6.17,1,1,6,96.5,99.02,91.72,0,0
8.53,1,3,2,69.18,74.69,68.04,1,1
9.81,0,0,5,74.59,50.49,80.61,0,1
8.41,2,0,7,94.81,57.0,57.64,0,0
9.28,1,2,0,90.34,66.1,53.31,0,1
9.54,2,3,3,50.18,78.93,60.8,1,1
6.91,1,0,7,66.0,53.75,56.39,1,0
6.85,1,3,1,71.09,97.17,65.62,0,0
8.44,0,4,4,61.49,68.25,75.72,1,1
7.64,3,1,0,59.98,95.63,79.44,0,0
9.36,3,1,7,51.89,89.03,89.49,0,1
9.6,0,1,1,82.17,87.77,82.81,1,1
7.41,2,3,0,63.13,80.34,80.44,1,1
6.95,3,3,7,52.62,81.34,70.59,0,0
9.12,0,2,4,61.55,81.9,73.69,0,0
7.1,0,1,1,90.1,81.44,70.73,1,0
9.29,3,2,5,92.57,77.69,92.11,1,1
7.69,2,1,5,74.15,99.32,61.5,1,1
8.67,0,2,4,70.8,86.61,50.29,0,0
6.38,1,2,2,98.89,88.85,82.57,1,0
8.5,2,4,4,60.03,93.62,60.12,1,1
7.81,2,2,2,60.77,60.78,94.51,0,1
8.35,3,3,1,64.59,54.19,92.95,1,1
6.67,3,2,7,58.64,74.14,53.84,0,0
8.95,1,1,2,68.97,75.7,55.32,0,0
9.45,0,2,1,95.54,91.46,74.76,1,1
6.87,3,0,1,80.77,72.19,80.46,0,0
6.38,3,5,6,70.6,78.54,63.75,0,0
6.09,2,1,3,96.72,76.35,85.84,1,0
8.57,3,0,1,52.42,51.91,79.75,0,0
8.43,3,1,2,60.51,80.76,66.24,0,1
8.19,3,3,3,78.29,91.4,51.27,1,1
6.93,3,5,3,80.78,57.88,87.51,0,0
7.56,2,5,1,51.98,79.72,60.74,0,0
8.38,1,3,4,70.15,79.68,91.72,0,1
7.99,1,5,4,82.46,58.21,71.01,0,0
9.95,0,3,5,84.9,56.17,78.85,1,1
6.55,3,0,3,81.91,99.0,93.65,1,1
8.78,2,4,1,66.03,69.69,93.18,0,1
7.62,0,1,6,54.68,61.37,68.58,1,0
7.71,0,3,4,71.36,58.57,60.44,0,0
8.87,1,1,6,56.44,83.38,88.76,0,1
8.77,2,0,1,97.38,80.47,71.65,1,1
9.97,2,4,1,73.76,82.18,59.6,1,1
6.51,2,0,7,65.86,54.4,95.22,0,0
6.42,1,5,3,88.32,94.68,59.91,0,0
8.9,1,1,7,74.9,69.46,51.29,0,0
8.31,1,4,6,65.5,65.67,51.01,0,0
7.1,1,5,7,90.6,73.12,81.12,0,0
6.32,1,4,5,93.36,69.5,83.08,1,0
6.34,3,5,3,83.65,93.18,65.55,0,0
9.58,3,0,0,52.35,96.46,66.0,1,1
6.77,2,3,7,78.32,65.17,66.97,0,0
7.29,0,1,6,88.16,93.2,84.01,0,0
6.91,2,2,4,56.83,89.08,52.91,0,0
7.42,0,2,4,61.43,96.54,96.46,0,0
6.28,1,0,4,94.12,62.29,61.13,1,0
8.08,0,1,2,51.01,78.85,99.98,0,0
6.27,2,1,1,87.64,63.73,58.58,0,0
9.2,2,0,3,73.69,91.2,88.58,1,1
6.93,0,1,4,72.34,50.27,61.17,1,0
8.16,3,3,0,50.35,78.24,54.04,0,1
9.52,1,0,4,90.97,66.96,93.75,0,1
8.6,1,3,5,67.99,66.13,92.94,1,1
8.13,2,1,1,77.04,82.25,70.18,1,0
7.3,3,0,6,83.87,92.57,85.12,1,1
7.33,0,1,1,85.13,80.46,77.85,0,0
8.68,1,0,7,97.8,92.66,92.65,1,1
9.98,3,1,6,76.57,63.23,65.75,0,1
8.65,1,3,6,69.99,75.98,76.18,0,0
8.23,3,3,7,97.69,72.53,74.27,1,1
8.92,3,1,3,82.11,50.58,67.7,0,1
7.86,2,0,7,64.91,77.84,94.57,0,0
6.24,1,2,2,56.32,83.08,58.29,0,0
8.25,0,3,6,92.13,79.6,57.48,0,0
9.83,2,3,6,68.11,86.81,78.85,1,1
6.7,2,5,7,83.02,78.57,82.87,1,1
8.76,0,2,3,73.54,53.34,59.73,0,0
6.8,2,1,4,59.95,55.82,69.54,0,0
8.14,3,0,5,80.08,79.82,97.33,1,1
6.39,3,5,0,53.03,63.75,62.33,1,0
7.8,1,1,3,70.67,53.98,83.42,0,0
9.02,1,4,2,77.33,71.48,87.01,1,1
7.39,0,3,3,71.8,77.72,72.41,1,0
8.66,1,4,1,87.43,66.44,96.88,0,1
9.18,3,3,4,91.4,86.02,86.83,0,1
9.71,0,3,4,88.56,82.19,72.9,0,0
6.94,0,4,6,51.94,66.64,78.47,1,0
7.6,1,4,4,59.71,87.74,84.63,0,0
6.61,3,1,4,76.83,82.43,79.61,0,0
9.97,0,5,7,96.74,81.87,93.93,0,1
9.71,3,5,4,91.75,77.67,67.84,1,1
8.16,3,4,4,92.13,50.57,64.99,0,0
9.37,3,1,0,65.16,84.83,60.69,1,1
8.08,1,5,2,71.47,68.8,51.89,1,0
8.49,2,1,6,73.54,97.13,52.15,0,1
6.36,2,1,7,57.87,90.9,93.5,0,0
9.02,0,3,4,51.55,79.38,83.92,0,0
6.51,3,5,6,97.35,62.61,83.03,1,1
9.3,1,5,2,62.04,60.19,80.73,0,1
9.13,3,3,7,62.0,67.02,92.46,0,1
8.83,3,4,5,54.17,73.83,74.01,0,1
6.14,1,3,4,96.43,64.8,93.52,0,0
7.21,2,5,6,78.99,75.75,67.97,1,0
7.05,3,5,3,83.35,58.27,96.34,1,1
7.44,3,4,7,95.58,98.89,84.93,1,1
6.35,2,3,7,67.28,55.4,62.86,0,0
9.75,1,0,6,81.08,96.6,78.2,0,1
8.22,0,0,4,51.94,95.68,76.65,1,0
7.22,2,4,1,59.34,76.27,56.89,0,0
7.59,0,3,0,91.56,86.25,79.56,1,0
7.79,0,3,3,88.34,71.8,65.74,0,0
8.4,2,1,3,67.53,81.5,52.62,0,0
8.06,3,5,1,68.84,67.03,97.43,1,1
9.68,0,2,4,76.68,65.06,82.07,1,1
7.99,0,4,7,50.01,78.91,93.85,1,1
9.97,1,2,7,62.06,74.91,83.8,0,1
9.41,3,2,0,60.41,78.98,67.85,0,1
6.83,0,4,3,62.52,64.33,75.63,0,0
9.72,1,3,0,90.3,68.35,83.79,1,1
6.47,3,4,3,63.98,54.19,98.01,1,1
9.27,2,2,4,59.58,52.61,62.68,0,1
7.52,2,5,5,75.21,62.67,93.75,1,1
9.51,1,5,3,93.28,53.71,96.2,1,1
9.47,2,5,5,62.07,55.19,83.52,1,1
9.22,0,3,3,53.93,90.65,96.56,0,1
9.16,3,0,7,67.82,51.94,69.89,0,0
7.22,0,4,2,87.38,82.95,97.65,1,1
6.32,0,5,4,77.53,63.63,85.14,0,0
7.61,2,4,1,90.84,93.58,52.1,1,1
6.69,0,5,5,97.98,74.25,95.34,1,0
8.78,2,3,1,89.63,65.28,74.22,1,1
7.38,3,0,4,80.19,75.88,73.02,0,0
9.9,3,0,6,74.67,69.1,78.32,0,1
8.56,0,5,1,52.0,78.22,57.47,0,0
9.29,1,3,4,99.22,55.73,73.46,0,1
6.53,2,1,7,69.17,99.85,91.56,0,0
9.45,2,4,1,57.61,71.28,50.77,0,1
9.69,0,4,5,83.34,67.41,63.65,0,1
7.95,2,2,2,64.21,85.51,50.12,0,0
8.43,2,3,1,79.29,68.19,70.79,0,0
9.06,1,2,5,79.34,91.66,86.42,0,1
6.7,1,5,3,72.29,72.71,89.94,0,0
8.01,0,2,4,91.81,85.98,97.26,1,1
7.59,1,0,0,63.25,55.37,80.43,0,0
6.59,0,4,6,72.43,92.31,62.73,0,0
7.47,3,2,7,76.88,86.79,96.21,1,1
6.27,0,0,0,83.18,60.59,88.77,1,0
6.1,3,3,7,89.2,57.26,78.72,0,0
6.54,0,2,4,69.74,65.81,84.78,1,0
9.85,2,5,7,82.3,98.8,96.22,1,1
8.2,1,5,2,57.53,62.84,85.62,1,0
9.86,3,5,1,96.63,72.81,68.42,0,1
7.73,0,4,2,69.15,51.5,85.65,1,0
7.25,1,2,0,86.48,69.86,52.01,0,0
8.02,0,3,6,51.02,78.57,69.32,0,0
7.76,1,2,5,60.26,97.66,70.32,1,1
6.42,1,4,6,74.35,75.84,58.34,0,0
8.56,0,0,4,93.91,90.96,51.15,1,1
6.86,3,4,4,76.36,77.36,56.67,0,1
8.48,3,5,2,96.49,52.04,82.73,1,1
8.6,2,0,5,74.19,65.75,90.11,0,0
6.61,1,5,2,74.52,78.78,99.41,0,0
6.25,2,1,1,55.99,97.53,67.32,0,0
9.12,2,4,3,90.13,92.96,79.97,0,1
7.84,0,4,5,62.35,61.42,96.86,0,0
6.23,0,3,3,94.98,61.01,58.35,1,0
9.98,0,2,6,95.54,60.06,85.88,0,1
6.23,1,0,1,97.17,96.12,87.75,1,0
8.78,0,0,7,76.01,92.63,54.45,0,0
9.93,0,3,7,83.85,88.74,93.06,0,1
6.96,1,3,3,88.93,69.64,90.66,1,1
6.57,1,2,0,56.55,75.22,51.67,0,0
6.49,3,5,6,80.05,73.22,54.55,1,1
7.21,0,2,3,51.71,62.67,52.46,1,0
6.4,0,4,1,74.88,75.25,66.74,0,0
8.77,0,5,3,57.74,51.52,75.46,1,1
6.25,3,1,4,59.15,56.59,76.62,1,0
8.04,0,2,2,68.25,94.33,63.38,0,0
9.99,3,3,0,71.62,87.58,95.58,1,1
9.26,2,5,4,81.16,71.14,68.41,0,1
8.46,3,2,4,53.72,75.86,52.28,0,1
7.23,2,0,1,75.18,68.5,65.01,1,0
8.5,0,1,2,59.13,87.04,76.56,1,0
8.11,2,4,2,78.7,89.21,70.41,1,1
7.7,3,0,5,81.87,88.16,63.69,1,1
6.52,1,0,6,77.84,86.13,56.57,1,0
9.55,2,1,0,86.91,60.23,90.96,1,1
7.8,2,4,6,66.78,66.9,99.81,0,1
6.78,0,3,1,88.26,73.49,66.48,0,0
7.47,3,5,0,71.64,66.54,69.08,0,0
7.66,2,4,5,74.21,87.75,80.9,1,1
9.31,2,2,3,82.41,66.47,85.92,0,1
8.93,2,0,4,50.92,56.91,69.6,0,0
9.08,2,2,0,82.7,69.95,95.25,0,1
6.04,1,3,6,80.93,99.0,78.0,1,0
7.66,3,2,4,65.49,61.29,72.52,1,1
7.93,0,4,1,54.29,80.61,82.33,0,0
6.08,0,2,6,54.55,71.65,97.64,0,0
7.04,1,3,3,96.16,53.55,89.73,0,0
9.04,3,3,1,84.46,74.39,52.0,0,1
6.55,2,3,7,56.36,85.11,66.62,0,0
8.14,1,4,3,67.84,75.66,73.53,1,1
6.86,3,3,3,79.62,93.61,65.73,1,1
6.05,2,0,4,91.78,64.45,85.01,0,0
6.96,1,3,1,52.18,54.31,91.31,0,0
9.9,3,2,1,61.83,96.83,86.57,0,1
9.21,0,5,0,94.49,68.91,99.47,0,1
9.84,0,2,6,50.46,78.82,63.63,0,1
7.95,3,5,7,60.07,89.6,93.75,0,1
6.44,0,2,1,97.95,66.22,88.33,0,0
8.19,3,4,0,80.67,85.81,68.11,1,1
7.82,2,2,7,63.08,56.77,86.71,1,0
9.38,3,4,2,53.35,64.56,55.2,1,1
6.39,2,4,2,51.41,57.24,89.47,0,0
7.95,1,3,7,62.24,90.56,76.62,1,1
6.6,3,0,2,94.07,61.13,64.61,1,0
7.3,1,5,5,70.8,85.87,82.79,0,0
8.95,0,3,1,86.02,97.16,82.08,0,1
7.9,2,3,5,95.91,76.39,60.47,0,0
7.5,3,4,6,70.4,77.0,51.52,0,1
7.58,1,4,1,59.56,73.05,71.68,0,0
7.84,2,5,0,75.86,66.29,78.48,0,1
9.14,2,2,5,95.4,73.78,93.83,0,1
9.57,0,2,5,90.22,80.14,96.41,0,1
9.82,0,3,6,53.29,99.3,76.44,0,1
9.15,2,1,5,84.63,96.89,87.69,1,1
7.26,2,1,3,78.59,93.11,71.97,0,0
8.75,3,2,0,95.37,94.46,87.3,1,1
7.75,2,1,2,56.12,73.39,60.24,0,0
7.02,3,2,0,76.7,82.87,68.55,0,1
9.36,2,4,3,93.97,94.75,81.71,0,1
6.15,0,3,6,70.5,69.65,50.91,0,0
9.61,3,0,6,74.1,98.09,86.12,0,1
7.85,1,3,1,53.52,70.79,91.78,0,0
8.55,0,2,0,63.91,80.05,69.96,0,0
8.64,3,2,7,66.23,85.49,72.4,1,1
9.58,3,3,7,97.26,97.53,92.56,0,1
8.55,1,5,6,64.13,62.23,88.78,1,1
8.46,3,2,5,73.04,87.31,64.41,0,1
6.27,2,1,6,83.57,76.04,66.2,1,0
8.07,1,1,6,58.11,63.43,83.94,0,0
6.6,0,2,6,74.32,88.83,78.16,1,0
8.95,0,2,6,86.93,77.61,58.11,1,1
8.05,2,5,7,93.34,83.05,65.5,1,1
8.72,0,1,7,81.31,66.15,95.0,0,1
6.17,3,2,2,83.45,74.06,84.41,1,0
6.34,3,2,2,56.31,80.87,99.3,0,0
8.87,2,5,1,97.29,70.25,88.35,1,1
6.29,0,5,6,56.63,59.92,97.1,0,0
6.29,0,3,7,88.73,98.08,60.81,0,0
6.05,2,5,0,63.24,75.57,88.57,0,0
9.83,1,0,3,96.68,86.7,51.01,0,1
8.95,0,1,1,86.0,70.55,83.54,1,1
7.41,1,3,7,87.69,67.76,73.46,1,0
7.19,0,0,0,60.95,70.36,67.34,1,0
7.4,0,2,6,72.15,70.46,93.12,1,0
9.1,0,2,4,80.89,77.21,92.71,1,1
8.65,0,3,6,88.5,77.17,51.12,0,0
6.74,3,5,2,55.2,74.86,80.48,0,0
6.7,1,2,3,98.12,56.74,68.39,0,0
6.39,1,4,7,94.51,74.8,70.78,0,0
8.64,0,3,7,63.52,58.46,91.6,0,0
9.06,0,0,5,91.14,56.31,65.49,0,0
7.06,1,3,3,75.92,96.63,97.15,0,0
6.08,3,1,5,73.09,80.25,58.98,0,0
6.33,2,5,3,65.72,82.97,83.14,1,0
9.87,2,5,2,79.05,70.09,83.61,0,1
7.18,1,3,5,86.49,95.45,62.61,0,0
9.08,0,2,0,70.55,81.9,66.24,0,0
8.5,0,2,5,81.46,88.46,91.74,0,0
7.53,3,4,1,84.97,68.43,88.09,0,1
6.82,2,4,0,85.56,98.0,66.45,0,0
6.49,3,5,1,52.6,91.02,76.7,0,0
8.46,2,4,6,92.99,92.7,53.08,0,1
9.1,1,0,3,72.91,58.61,60.44,0,0
8.58,2,4,0,63.12,63.55,74.29,0,1
8.12,3,0,3,62.09,64.28,54.3,1,0
6.17,3,4,6,74.15,63.55,92.17,0,0
9.87,3,5,4,94.34,92.77,85.9,0,1
9.19,1,5,7,68.92,51.59,97.18,0,1
7.17,2,0,3,87.49,53.8,84.67,1,0
9.92,2,3,6,54.84,63.7,97.02,0,1
8.41,3,5,3,73.8,59.99,77.73,1,1
8.33,2,3,6,99.58,61.59,80.01,1,1
8.99,0,2,1,88.52,89.9,98.85,0,1
9.25,0,0,6,60.53,78.16,82.11,0,0
8.63,0,5,5,75.07,50.29,51.54,0,0
6.51,2,1,4,61.68,71.47,86.19,0,0
7.35,1,2,3,70.48,70.39,95.27,0,0
9.71,1,3,6,89.0,55.7,89.78,0,1
6.9,1,5,6,88.56,83.81,79.19,0,0
7.49,1,0,3,61.41,85.1,83.57,0,0
7.73,0,4,7,96.11,86.04,99.51,1,1
7.76,0,1,4,79.63,86.42,54.53,0,0
8.45,3,3,4,69.0,50.0,83.36,1,1
9.77,2,2,6,75.1,97.7,64.17,1,1
6.96,2,0,0,80.25,90.71,82.0,1,0
6.49,1,1,1,77.99,95.2,80.38,1,0
6.79,0,0,4,74.32,50.78,57.67,0,0
9.55,1,5,4,75.25,96.69,60.34,0,1
8.58,3,4,2,58.82,90.49,81.08,0,1
7.14,2,2,5,90.64,91.86,56.41,0,0
9.26,2,0,4,77.09,54.66,63.26,1,1
9.45,1,3,1,56.55,86.94,91.76,1,1
9.39,3,5,5,88.31,98.0,66.35,0,1
9.68,2,5,5,96.62,83.93,74.4,0,1
7.01,3,2,3,97.37,78.53,97.06,0,1
9.02,3,5,3,68.45,97.28,61.36,0,1
7.84,1,3,3,56.78,72.15,69.48,0,0
9.37,0,0,3,75.92,79.96,80.32,0,1
8.91,1,2,2,55.63,73.82,87.77,1,1
9.11,0,5,4,96.7,96.64,95.08,0,1
8.62,3,5,3,59.18,53.8,95.77,1,1
6.71,0,3,6,62.64,75.06,88.83,1,0
8.18,3,4,0,70.33,84.35,61.42,1,1
9.94,2,4,3,69.16,89.6,51.24,0,1
9.75,2,5,4,89.73,79.15,69.19,1,1
6.17,2,0,3,72.82,95.45,57.08,1,0
6.66,1,2,2,58.54,97.1,85.52,0,0
6.53,1,5,1,63.36,53.22,83.06,0,0
8.9,3,1,1,75.46,70.12,52.2,1,1
9.27,2,2,4,57.37,51.17,91.83,0,1
6.85,1,4,6,80.58,66.47,62.44,0,0
8.02,2,5,1,78.29,76.84,71.61,0,1
9.36,1,3,7,85.74,95.54,83.4,1,1
8.93,0,1,1,96.89,92.33,71.47,1,1
8.17,0,5,0,95.61,56.37,72.06,0,0
8.36,2,0,4,97.3,54.65,53.28,0,1
8.03,3,1,6,62.24,79.46,70.07,1,1
7.19,1,5,4,56.58,76.61,88.24,1,0
8.26,1,0,1,65.11,63.32,95.76,1,0
8.76,0,1,1,94.75,94.97,70.67,0,1
9.49,0,0,1,98.6,96.37,71.18,0,1
8.55,3,0,5,92.97,70.13,85.13,0,1
9.04,3,1,2,55.5,94.52,97.14,1,1
6.64,3,1,3,97.37,69.2,63.35,0,0
7.85,2,0,7,71.17,86.84,72.01,0,1
6.04,0,4,2,50.47,73.8,89.8,0,0
6.99,2,1,4,72.12,56.13,80.48,0,0
8.91,0,5,7,52.3,96.4,55.53,1,1
9.97,0,2,0,77.19,72.7,81.39,0,1
6.4,1,3,3,66.93,86.72,59.34,1,0
7.61,0,0,0,73.67,68.36,75.51,1,0
9.2,0,0,6,80.66,50.94,76.46,0,1
6.82,2,3,5,93.44,55.03,93.81,1,1
8.22,0,4,4,83.1,74.81,73.12,1,0
8.93,2,3,5,71.7,84.5,63.97,1,1
8.46,3,1,4,90.97,66.74,61.55,0,1
6.75,0,3,0,95.28,84.77,93.71,0,0
7.42,0,0,0,55.99,84.93,58.55,0,0
9.14,2,3,0,76.6,85.2,71.29,1,1
8.22,3,2,4,64.23,74.63,59.36,1,1
6.02,1,5,1,52.35,95.74,88.67,1,0
9.04,3,1,0,83.43,74.46,73.72,0,1
6.14,2,3,5,93.14,72.51,67.56,0,0
8.98,3,0,6,58.15,59.97,68.05,0,0
6.81,2,5,3,90.62,65.38,92.61,0,0
9.83,2,1,4,92.67,52.12,77.69,1,1
7.47,1,0,7,95.72,81.68,85.89,0,1
7.31,0,4,5,63.26,62.43,94.85,0,0
6.6,2,2,2,95.2,65.21,95.09,0,0
7.22,2,4,6,66.03,88.54,66.43,0,0
9.51,1,2,2,77.62,66.36,97.62,0,1
9.99,2,3,3,52.53,62.11,51.24,0,1
7.47,0,1,1,52.19,58.45,68.84,0,0
7.79,1,3,0,86.02,88.74,94.79,0,1
8.89,0,2,4,72.22,56.49,63.73,0,0
9.54,0,2,5,62.81,72.69,63.65,1,1
8.37,1,2,7,59.52,75.35,65.13,0,0
7.57,2,5,0,83.5,84.37,80.62,1,1
7.65,0,0,5,50.02,81.66,71.92,1,0
8.78,0,1,4,90.29,90.54,86.34,0,0
6.01,0,3,2,53.96,52.24,94.75,1,0
8.48,0,3,0,59.57,64.82,83.71,0,0
7.42,1,4,3,69.31,64.01,60.22,1,1
9.18,1,2,1,74.24,57.3,96.63,1,1
6.37,3,2,3,67.75,64.46,63.22,1,0
8.35,3,2,1,66.04,65.49,57.49,0,0
7.92,0,3,6,98.2,76.09,54.5,0,0
8.57,2,4,5,82.08,83.19,78.17,0,1
6.26,0,0,0,51.17,69.06,55.69,1,0
8.32,2,5,0,71.51,85.97,56.94,1,1
8.25,0,1,6,93.75,66.81,65.0,0,0
8.24,3,0,1,65.07,64.51,64.08,0,1
8.41,3,3,2,54.73,77.06,80.21,1,1
8.71,2,5,4,87.92,51.19,90.84,0,1
9.22,0,5,3,80.3,53.99,88.07,1,1
7.08,2,5,6,78.52,70.9,63.12,1,1
9.3,3,2,7,52.68,97.15,62.27,0,1
7.99,0,1,7,57.02,86.08,98.29,1,0
6.31,0,3,5,81.13,54.41,50.41,0,0
6.23,2,3,6,60.39,92.32,93.99,0,0
7.34,1,5,3,75.2,86.62,59.99,1,0
9.14,2,3,3,77.24,80.55,97.36,1,1
8.83,3,1,5,64.18,91.01,67.12,0,1
9.15,3,1,5,97.42,70.21,72.02,0,1
8.07,3,4,0,92.12,61.08,85.36,0,1
7.76,3,4,3,86.12,75.6,79.38,0,1
6.59,3,0,4,53.9,77.44,65.9,0,0
7.31,1,1,7,55.31,76.92,77.69,0,0
7.74,0,1,4,74.64,78.25,86.54,0,0
6.35,2,1,1,58.04,97.44,52.12,0,0
6.88,2,4,6,98.91,95.11,50.56,0,1
8.39,3,5,5,57.93,93.79,72.9,1,1
8.94,2,5,0,74.37,90.07,56.59,1,1
9.99,3,3,4,68.21,97.17,83.22,0,1
9.73,1,5,2,81.97,54.92,60.7,0,1
8.57,1,2,7,56.45,63.26,71.64,0,0
7.68,0,4,0,71.52,74.75,59.88,0,0
8.54,1,1,0,63.74,92.33,77.42,0,1
9.14,1,5,4,94.39,75.26,55.8,1,1
6.47,0,4,2,52.03,87.4,51.16,1,0
7.64,2,5,1,95.69,56.95,52.56,1,0
9.36,3,0,4,91.65,62.62,97.71,0,1
7.54,3,1,2,64.88,86.59,57.11,1,0
8.29,2,0,0,89.46,58.24,85.42,1,0
8.35,0,1,7,51.56,67.57,53.4,0,0
6.74,2,4,2,98.34,63.24,55.41,0,0
7.45,1,3,0,76.33,67.49,75.44,0,0
7.34,0,5,6,65.16,85.42,73.24,0,0
6.1,0,5,4,68.13,68.39,97.58,1,0
6.1,0,2,5,53.32,77.76,97.24,0,0
9.33,3,0,4,99.47,55.0,88.98,0,1
7.09,2,5,6,51.96,90.25,80.11,0,0
8.07,0,4,3,82.75,68.49,72.75,0,0
7.19,0,3,3,72.14,82.43,67.81,1,0
9.76,0,4,3,97.45,86.27,97.35,0,1
7.04,2,0,4,62.3,60.48,80.15,1,0
7.72,3,2,1,76.6,94.23,78.95,0,1
9.49,1,5,4,74.12,80.81,61.6,0,1
9.37,3,4,7,85.14,71.44,52.33,0,1
6.74,0,1,6,53.4,59.12,97.26,1,0
9.21,3,3,7,59.69,97.12,65.69,0,1
7.83,3,4,6,60.73,87.75,72.13,0,1
7.93,1,3,5,86.91,60.4,55.73,0,0
6.53,2,5,2,59.46,66.89,91.85,0,0
6.32,2,1,4,78.67,90.48,51.38,1,0
8.91,3,2,4,60.76,84.78,91.7,0,1
7.99,3,2,0,93.08,88.29,57.01,0,1
7.75,2,1,6,97.11,72.06,94.33,0,0
8.92,2,3,0,75.92,85.82,86.49,1,1
9.06,1,5,0,67.62,69.32,58.23,0,1
6.64,0,4,4,61.7,60.56,78.29,1,0
8.44,3,1,1,52.49,81.63,65.63,1,1
6.54,2,0,2,63.43,98.8,58.91,0,0
9.01,3,3,2,82.71,65.53,92.96,0,1
8.63,3,2,7,76.68,73.05,70.18,0,1
9.83,2,1,6,97.2,83.7,69.93,1,1
6.28,1,2,5,69.81,77.08,58.49,0,0
6.23,3,3,6,84.69,92.17,69.15,0,1
7.13,1,2,1,74.47,88.09,93.58,1,0
